logits,hallucination_scores
[ 2.4119408  -3.1993792  -0.57837343],0.14691065
[-2.2048454  2.4370968 -1.744276 ],0.07880535
[-1.7622595 -1.560796   2.7192686],0.07890599
[ 0.57374465  0.9881573  -3.7323864 ],0.7178658
[ 0.6989516  1.3232583 -3.762455 ],0.6544901
[-0.58538735  0.47716087 -1.9062837 ],0.62353724
[ 0.16445643  0.2263448  -1.3240664 ],0.91692305
[-0.74434114  1.6125296  -1.5102649 ],0.30570322
[-1.7405204  0.7026683  0.4323671],0.81906474
[ 2.6000562 -2.8045857 -1.8767431],0.05400486
[ 0.61428016  0.48550972 -3.9073892 ],0.7969611
[-0.63659704 -3.9783423   4.259519  ],0.028304221
[ 0.8477188 -1.6154447 -2.0993617],0.30231822
[-2.896518   2.0148351 -0.9886204],0.15517902
[-0.01123164 -2.820033    0.59345186],0.69192386
[ 0.7990912   0.12141737 -1.82297   ],0.70662296
[ 0.27315205  0.841612   -1.625306  ],0.74348223
[-2.3383572 -0.7801943  2.9198754],0.09223203
[ 0.8519797  -1.5031115  -0.48385596],0.5604423
[ 0.5426528   0.90601563 -1.6231908 ],0.79193115
[-0.6586253 -3.2392478  4.428968 ],0.02492591
[ 2.369128  -0.5020598 -1.6707991],0.19233073
[ 0.18636833  1.8078607  -1.4740889 ],0.4347288
[ 0.48998994  0.8104851  -2.2357728 ],0.7803656
[-0.05964004 -3.4420364   2.3267152 ],0.22527832
[ 0.26191628  0.7637743  -1.7959329 ],0.75540686
[-3.4187992 -1.4909762  4.476541 ],0.012063148
[ 0.58118135  1.6677598  -3.1558053 ],0.525878
[-1.3037921  2.3335378 -2.1205997],0.11239099
[-2.5520067 -2.0923274  3.5479283],0.022261726
[ 1.3890154 -1.059578  -1.9746735],0.2775473
[-1.8153107  2.729709  -1.8700942],0.06654093
[-2.61097   -1.6790767  3.5702074],0.027520133
[ 0.0948435 -0.6333394 -1.4147308],0.7738694
[-1.2342389  1.3476882 -2.4704764],0.23688532
[-2.5202417  -0.90223825  2.1130824 ],0.1596036
[ 2.7764683 -2.9550455 -1.6188664],0.05314604
[-0.7318696  1.423747  -2.0634618],0.31792152
[-2.697074  -1.7322124  3.05265  ],0.041018173
[ 1.0286127 -1.4941099 -2.1768267],0.27641237
[-1.891046    0.7869295  -0.12857072],0.6415132
[ 0.6431047 -3.0213969  0.9749707],0.7514595
[ 3.0706048 -2.881475  -0.5266421],0.09147229
[ 0.14677125  1.0260181  -1.9480113 ],0.6351967
[-2.3351057 -2.0814545  3.7133732],0.020831117
[-0.632312    0.40699258 -1.8760265 ],0.63665795
[-1.7540739  2.8099062 -3.5042946],0.042985205
[-2.5754333 -1.527409   3.7806208],0.02541712
[ 1.9576035 -1.253064  -1.666215 ],0.1761033
[-0.61963624  2.3339226  -2.1944594 ],0.16862856
[ 0.8052867 -5.286245   4.089602 ],0.107026964
[ 1.177943   2.133803  -3.2805789],0.5562613
[ 0.03203385  0.5855775  -0.18923078],0.8702388
[-3.086928   1.1320207  2.5550563],0.4272751
[ 3.2049637 -3.1091082 -0.947095 ],0.058343403
[ 1.5095292   0.80167043 -2.911343  ],0.63899255
[-1.5713295 -2.365941   4.309082 ],0.01624323
[ 3.2057047 -1.7018706 -2.371773 ],0.039793067
[-1.5721157  2.0743117 -0.7750873],0.21113342
[-2.1897857 -5.285901   7.391457 ],0.00013835129
[ 0.77638626 -1.1507258  -1.0664084 ],0.49782485
[-2.4287276  2.110311  -1.0033054],0.15200329
[-2.6346877   1.1395452   0.63353866],0.70879626
[ 2.8348746 -1.7865433 -1.6237786],0.06881274
[-2.1347003   1.0747426   0.93540734],0.8204076
[-3.0519655   0.46304262  1.4718586 ],0.552096
[ 1.5189215 -2.017215  -1.4093394],0.2079616
[-2.2619705  1.9641036 -1.3040727],0.146768
[-0.965981  -4.5273027  3.6293569],0.03653334
[ 2.9163172 -2.0815191 -1.8181443],0.052510194
[ 0.04389542  0.27056322 -1.7589924 ],0.8520441
[-0.0500962  0.9398557 -1.8176806],0.61762345
[-0.7631338 -0.7254268 -0.7245714],1.0
[-1.7760549   0.33740193 -1.4821187 ],0.48202604
[-1.7076387   0.47565722  0.07514644],0.80196536
[ 1.3504074  -0.14529349 -3.8112776 ],0.4136116
[-0.19924045  0.8915446  -2.8130577 ],0.5491712
[-1.1907407 -2.1661873  2.8666127],0.07632891
[ 0.6301389 -0.4848974 -1.8656515],0.60261357
[-1.7996508  2.203891  -2.035808 ],0.09818329
[ 1.6469239 -5.7115097  3.311159 ],0.35907394
[ 1.3408018 -0.2508481 -2.8321176],0.40837646
[-0.12902214 -0.34966114 -0.6975193 ],0.94668055
[-0.20267272  0.21201573 -0.59247226],0.895866
[ 1.4387355  -0.80969155 -1.4223065 ],0.34089282
[-0.90866894  2.0247748  -0.8109891 ],0.25682616
[-1.4027433 -4.0197835  4.628413 ],0.010644945
[ 2.4752698 -1.4764562 -1.8390551],0.09837496
[-1.4863713  2.9219468 -2.9389176],0.051483713
[-1.8496788  -0.28604105  2.0815644 ],0.26391643
[ 1.3826382 -2.179491  -1.3727077],0.22626287
[-2.1636753   1.5866853  -0.62494475],0.2964679
[-0.5010933  -0.09546267 -0.70287   ],0.9097121
[-2.0710554  1.6522985 -2.0307767],0.1363427
[-1.5055944  2.3007195 -3.363742 ],0.08093043
[-4.0886474  -0.03110408  1.6690412 ],0.35900235
[ 1.1213331 -0.2041216 -2.4346683],0.49320593
[ 0.5604825  1.1079085 -2.7142985],0.6961818
[-1.4068458 -0.8845358  1.2941419],0.36472052
[ 1.5222293 -3.5913634  1.1840831],0.7351893
[-1.9204593  -0.02883644  1.0332674 ],0.5881361
[-2.3757923 -0.8713342  2.9964774],0.0808416
[ 2.8096685 -1.3577821 -1.8180403],0.07974018
[-0.28055006  0.9195123  -1.3457171 ],0.5993356
[ 1.2302282 -1.6879106 -1.1155317],0.3215568
[ 1.3719689 -0.402148  -2.7091627],0.36970508
[-0.9570234   0.97067153 -0.09545496],0.65926933
[ 0.3676242 -3.2065163  1.9660068],0.38848484
[ 1.2361288  1.7007086 -3.7571237],0.6972252
[-1.1841058  3.1204393 -3.5874145],0.050062634
[-3.0195076 -3.7732086  6.2212462],0.000516596
[ 2.5486274  -4.0507355  -0.81744516],0.1048112
[-0.33311933  0.5454644  -2.8147864 ],0.6187438
[-1.5089535 -1.0006526  1.982218 ],0.20463414
[ 3.37695   -2.891009  -3.3213625],0.012789247
[-0.96556336  1.7560282  -3.1283529 ],0.18839201
[-4.454838   -0.26979116  3.2783992 ],0.08769123
[ 1.3143481  1.4003644 -3.8172593],0.80163634
[-0.72460943  2.262375   -2.2485137 ],0.16549039
[-0.26141393 -4.692662    4.508812  ],0.030746872
[-0.15619975 -1.3763543  -2.0350795 ],0.6285478
[-3.6383173  2.6880991 -1.3911283],0.06156552
[-2.1554644  -0.42649138 -0.13952483],0.83903533
[ 1.3485963 -0.7882128 -3.014881 ],0.28968966
[-2.809628   2.542682  -1.4289353],0.075637236
[-2.8084052 -1.5051737  3.5321727],0.030592937
[ 2.573906   -0.00988522 -4.427769  ],0.18903811
[ 0.5683532   0.57249296 -3.049843  ],0.8423799
[-1.7546525 -2.4878552  3.1156843],0.040388316
[ 1.1443412  -0.65463996 -1.6011635 ],0.4301412
[-0.40699744  1.7581257  -2.5725317 ],0.2854366
[-2.4582393 -3.9743423  6.1226687],0.0009508921
[ 0.11432134 -0.01211549 -0.37758702],0.9673284
[-0.62643963  2.3336658  -2.4868748 ],0.16150911
[-1.4419746 -1.0935223  2.096848 ],0.18227902
[ 0.67665833 -0.12545277 -2.02202   ],0.6698779
[-1.6825628  1.377548  -1.2107085],0.27723107
[-3.3076093 -3.5736508  6.627764 ],0.00021333406
[ 2.7874184 -1.4864236 -2.9021146],0.058149315
[-0.37523577  0.9229219  -2.7065506 ],0.49738216
[ 1.632061   -2.6299617   0.11599486],0.42417216
[ 1.6883894  -1.4204253  -0.73820215],0.29625034
[-0.27364832 -0.2934385   0.68005353],0.7736664
[ 0.16050753 -4.509263    5.142808  ],0.025438122
[ 1.3469188 -2.304945  -1.0125464],0.27653432
[-1.4905889  1.9402469 -1.7101778],0.15698639
[ 1.2694561 -1.8810683 -1.1870663],0.28920698
[ 2.0506206  -1.6082989  -0.42539024],0.25867003
[-1.9112301   1.385697    0.67714846],0.6675558
[-3.8388038  0.8103663  3.3358786],0.19697976
[ 0.88136345  0.5626199  -4.0645013 ],0.7419907
[ 0.54545325  1.5703536  -4.4230103 ],0.53282815
[-2.7649467 -5.1257195  6.5658655],0.00027406955
[-0.45927125  0.22205655 -1.9913291 ],0.73069644
[-1.4618046  1.4945798 -3.1603215],0.16536203
[-3.7806044 -1.748379   4.5749187],0.0085957935
[ 0.5684125  -0.29311156 -2.4087758 ],0.6397623
[-2.6022513  1.3643322 -1.9313639],0.15362883
[-3.8028579   0.41285235  1.373753  ],0.55698156
[ 2.6579757 -4.48923    0.6490722],0.28631932
[-1.4224806   0.5139886   0.39900953],0.8823174
[ 0.11024267 -1.5566993   0.6274332 ],0.77340275
[ 2.6479485 -2.4703677 -1.3357854],0.07846286
[ 0.30015948  0.15407377 -1.4401006 ],0.887524
[-0.1246896  -0.79215884  0.3324046 ],0.8644242
[ 0.47611588  1.0605547  -2.3009655 ],0.6991803
[-0.33264935  1.9026517  -1.9660519 ],0.28780457
[ 1.9288037 -1.2940716 -0.5228863],0.28534502
[ 1.339714   0.9445307 -3.3558676],0.72350526
[-0.4902494   0.6399263  -0.40356952],0.7405936
[-0.9494604 -5.960091   7.443145 ],0.0009218128
[ 1.627425  -1.9412178 -0.6613268],0.2916105
[-2.8892403   2.5244923   0.29958567],0.25576866
[-1.7120914  -0.53208315  0.3089335 ],0.70523345
[ 3.6959088 -2.3145807 -1.4683063],0.030309154
[-0.14497718  1.6645974  -1.1968274 ],0.41974032
[-1.4291035 -1.0135629  3.5457356],0.058007415
[ 1.702168  -1.8928676 -1.267729 ],0.20055987
[-1.1527977 -0.5549983  1.3714261],0.4233968
[ 0.44712365 -0.80753183  0.57533264],0.91436696
[-0.94863594  0.01629195 -1.2502127 ],0.7437311
[-2.4090357  2.4841568 -2.2819438],0.05365464
[-1.045406   -0.03563071  0.6193647 ],0.77784336
[ 2.3783436 -1.392187  -3.0876093],0.08522113
[-0.40913194  0.07634196 -1.769004  ],0.80390525
[-0.53742003 -1.8443453   0.28230965],0.70242447
[ 0.8912331  1.0264285 -4.869518 ],0.7853789
[-1.6740148  2.3517048 -3.7917204],0.06526855
[-3.0089862 -0.6165627  2.7042851],0.11450105
[-0.9114779  -0.17810094 -1.5534222 ],0.78422827
[-0.7252119  -0.87790036 -1.1984521 ],0.9634011
[-1.8444521 -2.437745   2.0179393],0.09894423
[ 0.71313715  0.4304076  -2.0486841 ],0.80118835
[-2.1090612  3.4455435 -2.090049 ],0.028673582
[-2.286839  -3.9714534  5.0501914],0.0034474668
[-0.31013212  0.40115523 -0.50672805],0.8284661
[-1.0735192  1.8652929 -1.489776 ],0.21692622
[-1.0398402 -1.5011108  2.1607726],0.17510709
[ 1.8160338 -1.9508884 -2.593348 ],0.10563427
[-1.4969413  2.303503  -4.0727105],0.07583538
[-3.2977693 -2.1182616  4.6268406],0.0066839955
[ 1.39208     0.41189253 -3.2915654 ],0.5575744
[-0.6640132  4.240822  -4.9530077],0.02738504
[-0.11636765 -3.790899    3.168706  ],0.11023134
[ 2.5320885  -4.5707016  -0.00665762],0.19522937
[-1.6577517   0.8927175  -0.71110696],0.4853566
[-1.0026    -2.0220146  1.6519467],0.23348035
[ 1.9253722  -2.7144022   0.59776217],0.46385682
[-0.28429592  1.6984875  -1.7348952 ],0.3521312
[ 1.201535    0.25443554 -2.5928545 ],0.58557653
[ 1.9413434  -0.39334562 -3.2045887 ],0.24047403
[-1.0548384  3.7321634 -3.7867959],0.032135945
[-2.7901967 -1.1484971  3.999702 ],0.026176522
[ 2.899617  -1.655797  -2.6256125],0.049974494
[ 0.08655769  1.422844   -2.5491974 ],0.476591
[-1.3514787 -1.6349776  1.8343045],0.18647788
[ 0.71115184 -1.0314438  -0.62152696],0.6174743
[ 0.95785457  0.6155851  -1.7157316 ],0.79023516
[-1.1461722  -0.1004234   0.94450516],0.65042293
[ 3.8652427 -2.1140928 -2.6538827],0.01601705
[-1.346362   2.7344232 -2.675442 ],0.069608346
[-1.3301098 -1.2566454  2.2124996],0.1597848
[ 0.75091743  0.03016471 -2.42947   ],0.66871786
[-0.73645043  1.5619987  -2.2369747 ],0.28002387
[-3.2145247 -2.5127907  5.788692 ],0.0016365028
[ 2.2271612 -1.2549516 -2.531341 ],0.115791485
[ 1.4370947  1.0167797 -4.1305604],0.7090734
[ 3.2982714 -4.7397404 -0.2067973],0.0903587
[ 2.1843297 -3.786588   0.36656  ],0.33113754
[-1.7481576   0.01078459  0.15184893],0.87881327
[-0.38651836 -3.899264    4.020883  ],0.04306739
[-0.4271664  -1.8286371   0.27514148],0.73307955
[-2.1533759   0.15862569  1.1226233 ],0.59896874
[-0.300567 -2.677728  1.644269],0.3274532
[ 0.7384389  -0.64231396 -2.0705562 ],0.51726556
[-0.24602935  0.96494615 -2.5375645 ],0.52455294
[-2.8163962 -3.4272416  4.8041987],0.0033802656
[ 4.7485757 -3.8298903 -1.4398674],0.009384644
[ 0.02532722  2.0846248  -2.5283628 ],0.29839042
[-0.48416817 -5.7750516   6.7852917 ],0.0030567104
[ 2.7397988  1.3225087 -4.9891334],0.42109597
[ 0.35296243  2.0615876  -2.5993915 ],0.3705399
[ 0.35344407 -0.24130377 -0.9359808 ],0.8219758
[ 2.3369396  -0.76536286 -2.6574557 ],0.1436854
[-0.16951478  0.46808958 -1.7159224 ],0.7435748
[-0.08650018 -1.7258999   0.8677933 ],0.6366167
[ 3.776352  -3.549747  -1.8297855],0.017202476
[-1.0222676  -0.09759133 -0.98683137],0.7909953
[-2.8171635 -2.4911115  5.315857 ],0.0031209225
[ 0.04534404 -1.1757091  -1.0962869 ],0.7114846
[ 0.02804118  1.0096271  -2.9828591 ],0.5707301
[-0.5679356  -0.7126348  -0.17037703],0.9147841
[ 2.9760246 -1.6970377 -1.7835906],0.058975827
[-1.0493302   1.1095761  -0.10592011],0.6044911
[-1.9512013 -3.7061837  6.0358963],0.0017626494
[ 1.2659788  -0.8015475   0.44537112],0.70663977
[-0.502297   0.0688377  1.0605689],0.7096254
[-1.7499467 -1.8776517  4.513687 ],0.014350554
[ 0.65674907  1.2492265  -4.6985617 ],0.6578331
[-0.05446004  2.1273892  -4.6832113 ],0.25439334
[-2.2224662   0.03841066  0.23029093],0.8372804
[ 0.5638592  1.0764376 -3.285733 ],0.69526327
[-1.4859129  1.3510487 -1.0159703],0.3245389
[-2.7970421 -1.2086575  4.0825615],0.023251696
[ 1.6585169 -1.2412889 -0.9623502],0.2848338
[-1.0580207   1.2692603  -0.81798625],0.41353518
[-2.114617  -1.9109396  3.5941339],0.027429393
[ 0.29805082 -1.7308751   0.6256564 ],0.80972934
[ 0.30845606  0.32986695 -0.8641596 ],0.94734454
[-1.3456405 -4.612785   5.4939437],0.004830246
[-0.18968232 -0.38210833  0.19331062],0.9157977
[-0.70704454 -0.11395176  1.0023446 ],0.6678858
[-3.1517012 -2.6842058  6.455519 ],0.0006769318
[ 2.8490195 -2.0774684 -2.109641 ],0.048462037
[-2.5747826  3.60327   -2.5228286],0.016743466
[ 0.19832739 -1.6235648  -0.11615082],0.84511626
[ 1.1211277   0.32488775 -3.2201972 ],0.6152363
[-0.7452207  1.688814  -2.4660134],0.24611542
[ 1.0277135e-03  4.7541925e-01 -1.1923370e+00],0.819373
[ 1.6298077 -2.4923916 -1.2150149],0.19250289
[-0.8199731  1.6519517 -2.8806453],0.23018844
[-1.9883729 -3.5364861  5.2120085],0.004029713
[ 1.0081683  -1.336353   -0.95403165],0.4332617
[-1.7583187   0.9993483  -0.77190423],0.43482238
[-3.4325466 -0.6506895  3.0828238],0.07911024
[ 0.4162404  0.8944113 -3.0564158],0.7124467
[-0.98109174  1.4541441  -2.5389297 ],0.25129682
[-1.994716    0.39319634  0.44337517],0.8704441
[ 1.2693037  0.6367296 -3.4578562],0.6560515
[-2.3810089   1.9615593  -0.30311304],0.26784056
[-2.234885  -1.3210018  2.9531915],0.06443546
[ 0.69147384 -2.727417    0.59719694],0.82553947
[-1.630516   -0.0840173  -0.14928977],0.91648865
[-2.1916597 -3.6165195  5.8591456],0.0017524379
[ 1.5772742 -2.2254407 -1.0376568],0.23306555
[ 0.33330756 -0.67586327 -0.10707615],0.8764445
[ 2.5400915  -4.259108    0.17656223],0.22320111
[ 1.5963815  0.427225  -3.3759415],0.5012206
[-0.19270904  1.7556399  -3.6705709 ],0.3080889
[-0.34430417 -2.329294    1.0584263 ],0.48097685
[ 1.666621   1.4317218 -3.6688204],0.76174164
[ 0.5594725  2.558165  -4.5622673],0.28842586
[-1.7464738   0.75198936 -0.41324663],0.59009737
[ 1.5619602   0.01355633 -2.2401063 ],0.4297526
[ 0.7706087  2.2935011 -3.925703 ],0.39851367
[ 0.16224241 -1.2287962   0.70822483],0.7830219
[-0.76365733 -1.5766735  -0.37408033],0.87282157
[-2.0620944  -0.01788285  0.21618246],0.8362671
[-2.9136631 -3.7161195  5.6901827],0.0011317225
[ 1.3339382  1.1390069 -2.818164 ],0.7849802
[-0.7838318  1.9455302 -1.725745 ],0.22415487
[-3.1508849  -0.50012434  3.1939833 ],0.08246703
[ 0.7579403  1.2704837 -2.5938902],0.7048545
[-1.5709208  2.3403468 -1.452093 ],0.12146305
[-1.319528   -0.60708594  1.9709905 ],0.26369327
[ 3.5209873 -1.9435776 -2.6117246],0.024405021
[ 0.3955011  1.3897319 -3.3634858],0.5526209
[-0.778614   -1.6938019  -0.24750854],0.8234722
[ 0.7185737  -0.66017425 -2.7037315 ],0.48535365
[-2.2146418  1.1742262 -1.50401  ],0.24499574
[-3.832732   -0.29906592  3.4884624 ],0.073013484
[ 1.630462  -2.0596879 -1.0280986],0.23222257
[-0.3656781  1.1588911 -3.6111462],0.4119572
[-3.027859  -1.8553971  3.2711852],0.02903403
[ 0.29418135 -1.3385535  -0.89646405],0.65904844
[-1.0760977  1.0022426 -2.622996 ],0.32535005
[ 1.0511076 -2.5802343  0.562929 ],0.71734995
[ 2.0039527 -1.0071688 -2.7718759],0.15697849
[-1.4264768  1.9689655 -2.3361595],0.1339142
[-2.6695282 -2.7397025  5.0796547],0.0036766431
[ 1.2321471 -1.6217568 -1.8806585],0.24163128
[-0.6962372  -0.10359581 -2.3875926 ],0.7483195
[ 0.7971043 -4.584677   1.6165575],0.59085286
[ 1.7463446 -1.041064  -2.256083 ],0.20344444
[-0.83997405  2.759365   -3.370171  ],0.0900273
[ 0.5221909 -3.761885   2.3603265],0.3257885
[ 1.8454638 -2.1982386 -1.9389033],0.11665486
[-1.5164026  1.6472691 -1.4291035],0.2154426
[-0.7698067 -2.9412403  2.544919 ],0.11740384
[ 3.8621209 -3.66124   -1.0024402],0.030170985
[ 0.0772436   0.21508053 -1.3120272 ],0.9029288
[ 0.6685828 -6.5395246  5.914337 ],0.01990266
[ 1.258843  -0.5884491 -2.556112 ],0.36290798
[ 0.5236084  1.1838381 -3.5496922],0.6480597
[-1.1731654 -4.1104546  4.4243984],0.015455219
[ 0.9803456 -0.8407936 -1.5082115],0.44629136
[-0.4303353   0.81785285 -2.0999753 ],0.54284525
[-3.4867055  0.5114288  1.4695156],0.56018096
[ 1.2343112  -0.45778656 -2.0357702 ],0.4197549
[-0.9210466  0.9968022 -1.5866382],0.41996384
[-0.64608806 -2.6099064   2.6694915 ],0.119937226
[ 1.4613131  1.3205532 -4.5031986],0.78365606
[ 0.25376028  3.1420918  -4.917131  ],0.14785266
[-1.5510627 -1.9973465  1.6908152],0.17024654
[ 1.2647756 -0.2179414 -2.7873304],0.4377501
[ 0.99623764 -0.51999056 -1.8052359 ],0.48641282
[-0.09922875 -1.0704356   1.2794602 ],0.55107886
[ 0.5379501  -0.15598276 -0.80096513],0.7960746
[-0.6392057  3.15635   -2.629073 ],0.08038485
[-0.3515855  1.3876921 -1.2173551],0.45287874
[ 1.4687792  1.1443753 -3.106257 ],0.7444396
[-0.40681967  2.784867   -3.3039415 ],0.12283433
[-1.2335176 -2.3900156  3.7018478],0.03446101
[ 0.855369  -0.8619418 -1.9748868],0.4407645
[-2.1070325  2.1152008 -1.0576476],0.15533893
[-0.15375036 -1.3482815   0.6286117 ],0.72290105
[-0.27696395  2.3425975  -2.175185  ],0.20950353
[-0.9869405  3.3447316 -2.5448582],0.05404729
[-1.6274881 -3.0176647  5.195666 ],0.0059464537
[ 1.7304218 -0.9905211 -2.7567399],0.19694237
[-0.52013654  2.8356462  -3.7336388 ],0.105789535
[-0.18974663 -1.9878029   1.440581  ],0.42571965
[ 1.0843301  -0.9524236  -0.69527835],0.49741253
[ 2.9319804  -0.02917453 -3.0142014 ],0.14709517
[-3.0514324  -0.24565747  3.3935585 ],0.08547229
[ 2.501071  -0.4430867 -3.9395835],0.14587906
[-0.04784467  2.0550904  -3.676814  ],0.27489716
[ 0.28744948 -4.356441    2.8777049 ],0.18749456
[ 2.0471172 -2.034884  -1.9148089],0.10571992
[ 1.109662  -0.8839992 -2.0726647],0.3635648
[-1.4551861  -0.95833313  1.6981385 ],0.2621424
[ 1.3745303  -1.4130571   0.34419155],0.60547936
[ 0.6764475  1.0301358 -1.1090021],0.8158759
[-1.5898553  1.88711    0.6374426],0.5155719
[ 1.7989008 -2.0101883 -1.1016806],0.19806789
[ 0.14861065  0.91107464 -2.1862247 ],0.6608748
[-1.6661826 -4.0154157  5.2929535],0.0045753447
[ 2.2623792 -3.4403498  0.6128589],0.3711925
[-1.5673645  1.8494409 -1.6974176],0.16339423
[ 0.27829462 -3.5475438   3.638573  ],0.103220634
[ 1.9063239 -2.3026369 -1.1246071],0.16947626
[-0.98042613  2.1976366  -2.2739315 ],0.14764968
[-0.72636145 -1.8387089   1.7881731 ],0.25462264
[ 2.4589322   0.39892963 -4.3260655 ],0.27732092
[ 0.43143332  0.5199617  -2.031708  ],0.85671896
[-3.0944953 -1.2907326  3.7016973],0.029343646
[-0.3547941  0.9409213 -1.634399 ],0.5531765
[-2.7680528   1.879113   -0.21650873],0.2908424
[-1.3690785 -1.6292533  2.4915254],0.109574735
[ 1.0060222 -1.2193115 -1.1352482],0.41517678
[-0.5290319  0.5925603 -1.584216 ],0.62509924
[-0.3085143 -4.879164   4.6194925],0.026717925
[ 2.141169  -3.232978  -1.3306525],0.1062972
[-3.1564803   0.9372935   0.35187772],0.67960405
[-3.1697364 -1.0297583  3.3175101],0.049460895
[ 1.9822185  -0.37902287 -2.9292564 ],0.23977917
[-0.4743054   0.93229365 -2.1850328 ],0.4931502
[-1.0342052 -3.3967636  3.6851714],0.035064243
[ 1.6827976 -0.9400166 -2.236627 ],0.22736655
[-0.12129468 -0.24299458 -0.9782604 ],0.9493083
[-2.408023  -2.5893652  3.4128156],0.020908138
[ 2.4516761 -2.8142376 -0.9819975],0.11063365
[-0.35155743  0.59279275 -1.780187  ],0.65368736
[-0.758072  -2.4320948  2.8148482],0.10075395
[-0.12078184 -1.5608274   0.30194396],0.8174047
[-1.4941883  0.8257469 -0.4984934],0.5659553
[-1.2765365 -4.5043597  4.697512 ],0.010831455
[ 3.6201944 -4.7518454 -0.4896307],0.0545734
[-0.7109795  -0.19124985 -1.3729634 ],0.84677327
[-0.25477225 -5.827155    5.2718315 ],0.015556078
[ 0.5331233 -0.7808775 -2.397166 ],0.52593595
[-2.7198174  1.7337515 -1.5205277],0.14131337
[-3.0271633 -1.7830373  3.5900812],0.022999283
[-1.4387017  1.7349107 -0.8300226],0.27270472
[-1.10962    3.0131345 -2.914329 ],0.062355272
[-1.6934855   0.5899159   0.02830619],0.75613356
[ 1.3409076 -1.7779034 -0.6740708],0.36340547
[-2.5472608  1.2393528  1.2285862],0.8374623
[-0.46163675 -1.8925939   2.7941935 ],0.13549581
[ 2.1850698 -1.6591588 -1.0704869],0.16201153
[-1.265894  2.920442 -2.355126],0.066737354
[-3.6175222  1.2312171  2.709311 ],0.40919912
[ 0.8577458  -0.640339   -0.83825886],0.58845764
[-0.8408114  1.7931165 -1.8073543],0.23962364
[-1.0275663 -0.9593861  1.7931973],0.27524662
[ 0.71822894 -1.8749893  -3.134183  ],0.23396389
[-1.77501    0.9393157 -1.477225 ],0.32731763
[-3.6531286 -4.468403   6.434198 ],7.642035e-05
[ 1.057913  -0.8618467 -2.047003 ],0.38224286
[-0.72696775  1.3119495  -1.5504199 ],0.37617338
[-4.2590475   0.38637403  3.3254194 ],0.14281169
[-0.669973   -0.607154    0.46076465],0.7355715
[-0.55482334 -0.9010403   0.3154188 ],0.7685873
[-2.4070475   0.87371886  2.4727585 ],0.39228696
[ 1.6064665 -3.4855685  0.9508938],0.64543915
[-0.510419   0.4281304 -0.711355 ],0.76133317
[-0.65299815 -1.1749704   0.41241458],0.69092166
[-0.00280757 -0.50152063 -0.60118085],0.89231694
[-2.0715709  3.418446  -1.3089474],0.04536129
[-0.84063774 -2.0586443   1.9621713 ],0.20094234
[ 1.1145965  -2.2391438  -0.26383618],0.4884401
[-0.70630795  1.115544   -1.8433702 ],0.41073427
[-3.0952466  0.4366717  2.2781398],0.33103627
[ 2.2694006 -2.7545738 -1.9391356],0.06979492
[ 0.24229896  0.5956359  -3.9634778 ],0.73672354
[-3.2165656 -2.7351756  4.3837934],0.0057213036
[ 1.3459616 -1.3704895 -1.3069539],0.2959476
[-1.8900456   1.2656376  -0.46516454],0.4176106
[-1.5023228 -3.1982894  4.1255145],0.016929924
[ 2.2212071  -1.8731854  -0.78031915],0.17629728
[-0.06582225 -0.24199796 -0.51358235],0.9602145
[ 0.6013706 -1.0036703 -0.4055379],0.7022629
[ 1.414779  -1.467538  -1.4532012],0.25738472
[-1.9214493   1.4885335  -0.15636903],0.42330006
[-1.284322  -2.893076   3.7287526],0.029641524
[ 1.7530452 -0.4633752 -2.8217254],0.27054894
[ 0.23588543  1.4433659  -2.2798073 ],0.5175869
[-2.9432166 -0.9375726  3.020902 ],0.06994631
[-1.1829745   0.12855105 -0.27667096],0.8614029
[-2.4559987  1.5441635 -0.7652466],0.27076954
[-2.0639243 -2.2680106  3.3124619],0.030713044
[ 1.8622198 -1.8757486 -1.6190054],0.14907101
[-1.0919561  1.1024776 -1.4879231],0.37154517
[-0.506308   -1.0548904   0.18076137],0.8063419
[ 1.9927788 -1.0360485 -2.433314 ],0.16333821
[-0.61304766 -1.504161    1.1855366 ],0.43440983
[-1.9403137 -3.9948413  5.422702 ],0.0031899915
[ 4.7642403  -4.234869   -0.92821836],0.013940633
[ 0.2764001  0.4020638 -1.781979 ],0.8661457
[-2.6800478 -3.1517882  5.439295 ],0.0021532583
[ 2.3589776 -2.0965612 -2.9655364],0.055791568
[-0.00393509 -0.04528703 -2.3068142 ],0.87875146
[-1.3887337 -2.0111399  3.1751983],0.054283276
[ 1.4330642   0.26843667 -2.8954506 ],0.5129756
[ 1.0990055  1.3024741 -3.3551722],0.7759564
[ 0.15224388 -3.6456547   4.1357956 ],0.061385747
[ 2.2181737 -1.639607  -2.5968704],0.09061027
[-2.2588568  1.8443705 -1.3816637],0.15453413
[-2.8182788  -0.37018988  3.1636164 ],0.09566839
[ 1.2442648  -1.6107199  -0.83046204],0.37037235
[-0.9631871  1.1320777 -1.229066 ],0.40888932
[-2.2895591 -2.0715427  4.4238687],0.01122635
[ 1.6737167  -0.09557541 -2.9477987 ],0.35775018
[-0.8438261  2.4712698 -3.3447833],0.114045516
[-2.4397674 -0.8040875  2.3950386],0.13746078
[ 0.91697955 -2.854791    0.96043175],0.82904184
[-0.7986601   0.56714964 -1.464335  ],0.58193046
[-0.19646333 -1.4901862   0.350496  ],0.7897226
[-1.0841266  1.607977  -3.5051913],0.18842694
[-1.5490611  1.8934543 -3.2028253],0.112500034
[-2.613328  -1.1702307  2.586129 ],0.08964597
[ 1.174457   -0.89962876 -2.3340695 ],0.33144695
[-1.7610196  1.5876982 -2.6519494],0.13964738
[-3.443942  -1.7461108  4.399694 ],0.010580977
[ 2.2089741  0.6201967 -4.113803 ],0.38190114
[-0.39998692  1.6369271  -2.2507071 ],0.32265604
[-0.8914335 -2.582953   2.7278552],0.09671887
[ 1.5847341  -1.6792747   0.24204765],0.50137883
[-0.0225598   0.06367011  0.12716308],0.9883758
[-1.034495  -2.817858   3.4028933],0.047743365
[ 2.5812235 -2.678034  -1.2753681],0.08300315
[-0.6012707  1.9719671 -2.559634 ],0.21556051
[-1.7155293 -2.174284   3.9964132],0.02089135
[ 0.5728975  -0.66936123 -1.3353888 ],0.62083834
[ 0.1283746   0.41127655 -1.1593746 ],0.86919487
[-2.146485   -0.12271783  3.2609575 ],0.11268943
[ 0.75946784 -2.1379516  -1.5022153 ],0.33607787
[-0.91477066 -0.59926    -2.2850437 ],0.8540691
[-2.4893823 -3.0554428  3.3715212],0.017669966
[ 1.6001536 -1.515114  -1.5218806],0.21472901
[-1.8879592  2.8877423 -2.8112388],0.04175985
[-2.4126217 -1.1034554  3.561962 ],0.04229769
[ 3.2232294 -2.0695438 -3.295137 ],0.024792755
[ 0.08480024  0.7242601  -2.750581  ],0.68039423
[-2.0131865 -4.0549307  4.9185967],0.0048523853
[ 2.1581454  -3.2458048   0.00975627],0.2695995
[ 0.6589983  -0.18558335 -1.1303093 ],0.7231792
[-0.24206701 -3.1700857   2.6388571 ],0.15721959
[ 1.2896633 -3.4902525  0.5980906],0.6384994
[-1.6446674  2.052395  -2.8151686],0.09897711
[-2.148875  -4.5237803  6.148911 ],0.0011540342
[ 1.4496962  -2.846712    0.03569899],0.44857296
[-0.38652188  0.01306224 -0.21029629],0.95356846
[-1.795492   -0.06668739  0.03241019],0.89214027
[ 2.1642375 -1.6941981 -2.1899838],0.10206393
[ 0.08636079  1.1614292  -3.5778706 ],0.53026426
[-0.10639134 -5.383785    4.3751626 ],0.03917651
[ 0.60373366 -1.5164975  -0.6840741 ],0.5912336
[-2.7948284   0.7317071  -0.12551242],0.6186617
[-2.1393762 -1.4969366  2.8576002],0.064553365
[ 0.7569225  -1.2836524  -0.04121736],0.7141814
[ 0.47275734 -1.6241794   0.95088136],0.7606639
[-1.5946226 -5.4816384  6.458649 ],0.0013864808
[ 1.2983699  0.5607412 -1.6249232],0.6753977
[-1.0683367  2.4376204 -2.1974356],0.11680815
[-0.9931916 -2.2084339  3.7131524],0.04157583
[ 0.2082741 -1.2711258 -1.8095576],0.5588689
[-3.234737   3.0515566 -2.365614 ],0.024095843
[ 0.5264113 -4.5496235  2.0191436],0.40454364
[ 1.65865    -0.25908595 -1.9595176 ],0.3563456
[-1.5413612   1.8096416  -0.78241014],0.2582938
[ 0.1240632 -2.6400454  1.8644161],0.36651835
[ 1.8868     -2.9274166  -0.43000573],0.24873348
[-1.5830158   0.75318027 -0.09474075],0.6804814
[ 1.4967958  -3.7120056   0.83752126],0.6433099
[ 1.5317882 -0.8159429 -1.4004432],0.3202237
[-0.4880525   0.83853984 -1.169303  ],0.5927663
[ 1.2970287 -4.5341287  2.7227557],0.41968787
[ 1.7594751  -0.60896933 -2.9595625 ],0.24216036
[-1.8694516  3.2693639 -3.082758 ],0.028480388
[-2.1215892 -1.8143656  2.5717435],0.06962034
[ 3.3048522 -2.082951  -2.3791883],0.02941685
[ 0.37987697  0.31749955 -2.252786  ],0.8592377
[-2.8087475 -1.8765485  4.756937 ],0.0078704255
[ 4.228933  -4.6822243 -0.7009544],0.026951248
[-2.6534956  0.4159712  1.1480558],0.6451954
[-0.83072877 -0.7460618   0.57165605],0.65668833
[ 1.6636093 -2.8895555 -0.6587626],0.25311923
[-0.99659365  0.7103405  -1.5832149 ],0.4860261
[ 0.48821935 -2.9016826   0.25283659],0.79107356
[ 1.6235807   0.08308073 -1.8367788 ],0.44487828
[ 0.11360766  1.3985152  -0.63974017],0.5992399
[-2.185947 -3.988612  6.4467  ],0.0008431709
[-0.31243044  0.3364856  -0.8746765 ],0.8166473
[-1.3657485  2.6335554 -2.6466088],0.07524359
[-2.496085  -3.1437907  4.832468 ],0.004434297
[ 2.0310664 -1.0319161 -2.1290689],0.16784188
[-0.31804502  1.3008468  -2.099061  ],0.4296072
[-1.0101805 -0.8166672  1.1755589],0.44385383
[ 1.0833799  -2.4881806  -0.49345288],0.43174207
[-1.3048656  0.7301862 -0.7471793],0.5576204
[-0.6049658  -1.0687475  -0.42184404],0.9496552
[ 0.5095693   0.28976694 -2.742793  ],0.7990793
[-0.79756767  0.5491971  -1.7873628 ],0.5594366
[ 0.25836354 -2.7432294   0.73631525],0.72441787
[-0.37253433 -0.64833355 -0.68344706],0.94719243
[-0.6570346 -0.1208708 -1.2604243],0.8465701
[-0.20273855 -0.35005963 -0.751314  ],0.961059
[ 1.3409638  -2.817375   -0.23601794],0.41221708
[-0.77575934  0.21994734 -0.98848766],0.7428323
[-2.3164523 -4.20473    6.2467184],0.0009037406
[ 1.4567274  0.5892148 -4.1747284],0.57996225
[-1.428167   0.4928991 -1.3437421],0.49959457
[-1.7122403 -5.3785253  5.8918824],0.002243681
[ 2.4157584 -1.6458644 -1.8249091],0.09540379
[-1.2707113   1.2582954  -0.24359103],0.50919914
[-1.5054718 -0.7021811  1.0981954],0.4407853
[ 1.7822899 -2.5831695 -1.3754029],0.15242952
[-1.4576182  -0.48840126 -0.64318377],0.93617535
[-1.397841  -2.5388362  2.49551  ],0.084539965
[ 2.727055  -2.6399393 -0.8862986],0.09637046
[-0.02164367  1.9627682  -3.0943656 ],0.30533612
[-0.9006687 -0.4141153  1.0025232],0.58343554
[ 1.9223444 -0.3630806 -3.0946786],0.25056124
[-1.8462225  1.1805311 -0.9619584],0.3466278
[-1.4174725  0.428724  -0.3090272],0.74386525
[-0.00293273 -0.5577296  -0.7460554 ],0.87216544
[-1.4983305 -0.2727499  0.7791473],0.63399726
[-1.862005   -0.52498746  1.2358214 ],0.414625
[ 0.14032748 -0.5453118  -0.8908799 ],0.8237471
[ 2.2366455  1.1792974 -4.3320026],0.521267
[ 0.41490108 -2.589637    1.2581586 ],0.6129095
[ 0.7486037  -1.1310436  -0.90815026],0.53743535
[-0.9200678  1.0065408 -0.9353182],0.48156515
[-1.9224988  -0.32452464  1.3268961 ],0.42973626
[ 1.9655993  -0.37683642 -2.9702365 ],0.24241388
[-0.9429195  1.2055535 -3.2522683],0.28526616
[ 0.1442895  -1.4410831   0.66555905],0.77741456
[ 1.0102843  -0.75580907 -2.1363547 ],0.41069484
[-0.7593231  -0.14904986 -1.0038682 ],0.8530906
[-3.6492467 -1.4095827  3.0995343],0.04258118
[ 4.187156   -4.0376225  -0.76134247],0.027100535
[ 0.16066152  1.8204582  -3.9142287 ],0.36853626
[-1.7998657 -1.1856431  3.2691946],0.05973709
[ 1.547496  -1.1568592 -1.3128498],0.2776781
[ 0.8746294  2.7396305 -4.755088 ],0.31536698
[-0.26987892 -2.6255271   1.3479177 ],0.40796605
[ 1.8432393 -2.3688958 -2.0278072],0.105859
[-1.1617556   0.34316996 -0.7242703 ],0.6984978
[-2.8103662 -4.323331   6.162411 ],0.0005785599
[ 0.63258535  0.486196   -2.0457466 ],0.83782995
[-0.2540321  1.8557289 -1.9540685],0.31205076
[-0.7928001   0.10457303 -0.28337842],0.89497435
[ 2.7492795  -1.9059709  -0.61343426],0.12725548
[-0.33296138  1.3804858  -1.1506219 ],0.46406084
[-0.58853567 -0.39020282  0.8533463 ],0.66752994
[ 0.83827317 -0.6336762  -1.0128992 ],0.57720315
[-0.8488685   0.40260386 -0.5964777 ],0.73795336
[ 0.6505634  -2.46855     0.10511447],0.71848303
[ 1.157463   -0.45309898 -2.0511596 ],0.4409561
[ 2.392368   0.2369598 -3.2083395],0.26631516
[-1.5314976  0.1525307  1.171772 ],0.61328095
[ 2.148397   -2.439162   -0.42974308],0.21358167
[ 1.1693956 -1.6650543 -1.032936 ],0.35032594
[-1.0219039 -2.7024987  3.0879667],0.06413162
[ 1.5872196  -2.2945926  -0.34213874],0.3437869
[-0.5598809  0.9649583 -1.2226679],0.53315943
[-2.54117    -0.11612698  2.3892245 ],0.21726704
[ 3.3039515 -2.761373  -2.5842695],0.019720692
[ 0.7112565   0.76266074 -3.0140543 ],0.82785857
[-0.5166738 -0.9727365  1.216748 ],0.4906955
[ 1.237705  -2.3890128  0.4325647],0.6298275
[ 0.1076962  2.251278  -2.024255 ],0.2907744
[-3.1422546   0.11332338  3.4534655 ],0.106960736
[ 2.9904954 -1.7524551 -3.5131109],0.036733497
[-1.7016643  1.1565635 -2.911219 ],0.1928218
[-1.3620137 -4.0450444  5.0866475],0.007208904
[ 2.7145207 -3.3307917 -1.4025496],0.06168856
[-0.5395963   0.31264707 -2.0452394 ],0.67791736
[-3.5022902 -0.7380018  2.3432982],0.13532528
[ 0.35095367 -2.0760179   0.39407796],0.87056863
[-0.11974641  0.5247046  -1.4011312 ],0.76014435
[-0.02713589  0.4123259  -1.296591  ],0.8243753
[ 0.26486635  2.0026417  -3.036466  ],0.3579027
[-2.4235973  3.1404865 -1.3226056],0.052542042
[ 1.14818   -1.1187955 -0.7625361],0.4499574
[ 1.0402411  -3.181516   -0.14576598],0.5095464
[-2.1865807   0.53668976 -0.2473648 ],0.6732625
[ 0.3766725 -2.7794576  1.1369087],0.6343932
[ 2.7129848 -2.5818813 -2.4566953],0.037891608
[ 0.63151145 -0.16430853 -1.1453139 ],0.7357095
[-0.30409098 -2.5625436   2.0270545 ],0.25087747
[ 0.868122  -1.3179077 -0.9305277],0.47857583
[-1.1079782   0.9979372  -0.68289006],0.509201
[-0.41981292 -2.612144    2.437848  ],0.16895922
[ 0.8329289  1.1058425 -3.4091468],0.75913763
[-0.9131004  1.6136065 -2.4065912],0.2369393
[-2.2712512 -3.8087308  5.904497 ],0.0014978979
[ 2.1654594 -1.0561626 -2.9980233],0.12976925
[-0.16817865  1.2762891  -2.8677485 ],0.4446779
[-2.080624 -4.618051  6.469118],0.00084304117
[ 1.8316445 -1.5083281 -1.4528193],0.18567543
[ 1.3748455   0.46810973 -3.3863919 ],0.5772258
[-1.200111  -5.6862326  5.9376254],0.003508227
[ 1.0643632  -3.242526    0.73212016],0.746011
[-1.9954239  1.22244   -1.1130744],0.30302003
[-1.0558655 -1.9295883  2.4873507],0.11975615
[ 1.1141635 -1.1024301 -1.0685372],0.4096142
[-1.1915202  2.1125515 -1.8266951],0.15401323
[-2.0360312  -0.38365573  1.8001765 ],0.29787323
[ 0.68897414 -0.06544642 -1.7140434 ],0.69980514
[-1.042441   1.3394834 -1.5146646],0.32100922
[-0.7567605 -5.347142   6.2648053],0.0039215847
[ 2.0543594 -1.5433542 -0.9023216],0.20180668
[ 1.5427544  0.990319  -2.9191818],0.6824932
[-2.1173499 -4.288858   6.1922197],0.0011660217
[ 0.02961173 -1.483083   -1.0976372 ],0.68477285
[-2.128274   1.0998821 -1.8028239],0.22861348
[-1.5583087 -2.416176   1.3616145],0.19730404
[ 2.4805293  -3.3578622  -0.99850833],0.10083964
[-1.0408258  0.9014002 -1.6393521],0.41908082
[-2.540494  -2.4150553  3.7973158],0.015043346
[ 2.356998  -2.0305932 -2.234789 ],0.07201174
[-0.1423603  -0.64979136 -1.5408833 ],0.8324709
[-2.055814  -1.3254983  2.7226937],0.08166756
[ 1.0383621  0.5536493 -3.217334 ],0.7048152
[ 0.01659907  0.843109   -2.91428   ],0.6200502
[-2.073669  -1.5223371  2.0608609],0.12586045
[ 0.7140617  -0.07087395 -1.3012019 ],0.71933013
[ 0.2993295  -0.3936851  -0.22165103],0.88215303
[ 1.0471064   0.51497126 -1.9546136 ],0.72673863
[ 0.10400872  0.8221166  -1.4999974 ],0.7142393
[-1.9110487  2.574149  -1.6590552],0.08066469
[-2.0897405   1.2337726   0.17776668],0.57242143
[ 0.20158084  0.52593756 -2.876198  ],0.7676847
[-0.02240714  2.5496783  -4.8224053 ],0.18975902
[-2.0902452  -0.83957756  1.4865593 ],0.28522998
[ 0.56741124 -0.44420025 -2.2297664 ],0.6097615
[-0.14177392  0.7156315  -2.7528386 ],0.6205971
[-1.9057487 -2.5338845  2.7510068],0.05003686
[ 1.0106907 -1.0118052 -1.2628452],0.42974147
[-1.5464578   0.44401863 -0.87997913],0.5949673
[ 0.81239045 -2.3127925   0.0936276 ],0.6715075
[ 2.4246764  -0.78471506 -3.1829426 ],0.12530403
[-0.512552   -0.24095684 -2.0958166 ],0.85267234
[-1.021894   0.8162005 -1.155923 ],0.49368104
[ 1.2851174   0.31594616 -2.361814  ],0.5839977
[-0.85382175  2.0940597  -2.3559124 ],0.17123276
[-1.345149  -2.3387287  3.0132   ],0.058865085
[ 0.31887597 -0.7984004  -0.71509147],0.7437979
[-2.3165112   1.5278782  -0.06650953],0.41754466
[ 2.4883175 -1.9497235 -1.8926809],0.07634775
[ 1.2720586   0.39597666 -2.7498548 ],0.5993652
[-0.9270044  2.198527  -2.4433994],0.14841667
[-1.059557  -1.467369   1.4682819],0.29426086
[ 1.6330047 -1.1734048 -2.7343154],0.18955974
[-1.1474313  1.130599  -2.507611 ],0.29016006
[-1.5926566 -1.1400901  1.1773406],0.33726925
[ 2.7555275 -1.3990376 -3.2754707],0.060129106
[ 0.08770007  0.85357714 -2.6210623 ],0.6455593
[-0.9207586 -2.84209    2.034043 ],0.1610257
[ 0.39137626  2.3000915  -3.3175871 ],0.31441718
[-0.44082147  2.3529327  -2.592576  ],0.17831385
[-1.6687219   0.29022974  1.060682  ],0.6765034
[ 3.5512137 -3.2516463 -2.1738613],0.017402804
[-1.654835   1.0883428 -1.3562891],0.3209341
[-2.358915  -2.912191   4.2157917],0.009275675
[ 2.8986702 -1.0713748 -2.2658782],0.07841782
[-0.42708522  1.1909546  -1.68627   ],0.4588076
[-0.3434114  -0.01526259  0.2909598 ],0.92720836
[-0.93812734  0.71328926  0.68962795],0.9183544
[-0.720263  -3.4098256  4.5036783],0.02191781
[-0.8140898  -0.3735838   0.31258827],0.815714
[ 2.3112154 -3.2831793 -1.2597848],0.096577905
[-1.6062919  1.1700505 -1.615692 ],0.2754693
[-3.9330828 -2.6913724  6.2144556],0.00068141246
[ 0.9949039 -1.2749741 -1.0652045],0.42377788
[-1.3288211  1.1511137 -1.5062996],0.32342824
[-1.9504015  -0.27338725  1.3733732 ],0.4270091
[ 0.67229337 -0.03527465 -2.0026956 ],0.69593227
[-1.001482   1.7662051 -2.2083614],0.20684764
[-0.540948  -3.1304927  3.9234428],0.042979456
[ 2.4313145  -0.23718104 -2.4961908 ],0.1945293
[-0.79031557  2.410208   -2.3952374 ],0.13791591
[ 0.75331736 -7.602923    7.2171903 ],0.006566191
[ 0.69436044 -1.6567186   0.25811893],0.7833693
[-0.5952227  1.7616751 -2.4785008],0.25554243
[-0.6621319 -5.0496697  5.0259566],0.013604839
[ 1.2109876   0.13547888 -4.0048566 ],0.5243224
[-0.18539414 -0.9625765  -1.042491  ],0.8192174
[-2.1962736 -0.3320129  0.8801791],0.5432749
[ 1.2358798  2.1412795 -3.5549493],0.56864494
[ 0.9673095  2.9993699 -3.8325026],0.28262237
[-2.165108  -2.9748466  5.522938 ],0.0029694273
[ 1.2363676 -1.5892497 -1.7589614],0.25322518
[-0.6488865  1.4166344 -1.9473146],0.3402258
[ 1.6441932 -4.9583497  1.7066557],0.8020211
[ 1.0012157  -0.01214815 -2.3125987 ],0.5841828
[-0.93895864  1.3147514  -1.627772  ],0.33406562
[-1.2897006 -4.1121535  5.0814567],0.007676711
[ 3.6998706 -3.7741795 -1.5891514],0.021577418
[-1.433636   1.2650243 -1.5632255],0.28096354
[-1.3493518 -5.0758805  6.1580834],0.002470722
[ 1.4975954 -0.6101012 -2.7102616],0.299195
[-0.36643207  1.5784316  -3.1526077 ],0.3185776
[-0.47131467 -2.5469637   1.2267349 ],0.39647132
[ 0.00151845  0.34177846 -0.9679621 ],0.8754136
[ 0.14926091  0.18415016 -1.7227486 ],0.901023
[-1.920904   -0.15473239  2.1056602 ],0.27797174
[ 0.2464624  0.8975898 -2.995044 ],0.6655742
[-1.3296303  3.593586  -4.5323567],0.027797764
[-3.2931402 -2.910014   4.4839153],0.004562602
[-0.31728792 -0.6215807  -0.93635607],0.92840654
[-0.11630547  0.6445216  -2.3434415 ],0.66617554
[-0.8826191  -1.189634   -0.19006766],0.82490027
[ 1.0569787  -1.0962284  -0.80791956],0.4696411
[-0.36565423  1.7923547  -1.9088764 ],0.30779648
[-1.2683308 -4.3066444  4.7320156],0.01066945
[ 0.9410006   0.69167554 -2.0392618 ],0.80083555
[-0.24627697  1.6298807  -1.6150635 ],0.38273445
[-4.1809044 -0.9586446  5.6509066],0.006016723
[ 1.9656237  -2.7575772  -0.51998967],0.22402109
[-0.8541829  -0.36141172  0.5108286 ],0.75450575
[-0.7938327 -1.0931574  2.2648444],0.2046732
[ 1.786444    0.54566705 -3.9828818 ],0.4743209
[-1.5693207  2.3832421 -1.6471224],0.10813494
[-2.2618628  -0.06368104  1.2805135 ],0.48902464
[ 3.3973465 -5.8107276  1.475009 ],0.30166858
[ 0.37194636  0.92643225 -3.8850799 ],0.6773215
[-2.1267366 -3.2804224  3.7588012],0.014808012
[ 1.9845736 -1.6453109 -1.8010426],0.136771
[-2.0840225  1.7037072 -1.6579077],0.1557855
[-1.1205643  -0.25387526 -0.42564985],0.93928456
[ 0.7732177  0.4717439 -2.78208  ],0.76946616
[-1.3142918  1.0298342 -1.006788 ],0.4203792
[-2.0075083 -2.2145364  3.898251 ],0.019196268
[ 1.1767156 -1.2065681 -1.3803421],0.34594396
[-1.5877677  1.7091078 -1.207283 ],0.2228175
[-1.2640271 -0.9429376  0.5173198],0.5869007
[ 0.5363578   0.24867171 -1.9397955 ],0.8132028
[ 0.43843332  1.3169932  -3.1961336 ],0.58892804
[-0.85675687 -4.970188    5.1940017 ],0.009830229
[ 0.4427063  -0.35042948 -1.0862123 ],0.7574635
[-0.3905181  1.9111698 -2.3794892],0.2630654
[ 0.97444385 -1.1430389  -0.25128156],0.60566914
[ 1.4932557  0.4162019 -3.5944939],0.5252453
[-1.3377876  3.1321776 -2.9680138],0.047446296
[-1.2883283 -4.7213326  6.1924357],0.0025637015
[ 2.5355327 -0.6046989 -4.201556 ],0.124273546
[-0.13524266  0.25901318 -2.8023415 ],0.7607183
[-0.8004883 -2.1894462  0.5682791],0.5234099
[ 2.2071373 -3.653037  -0.6946387],0.1543999
[-1.520096   1.8706193 -2.670397 ],0.12776938
[-4.230474    0.01272148  3.9159179 ],0.06506478
[ 1.0978122  -0.15277776 -1.8171905 ],0.5424114
[-1.8895314  1.2388878 -1.091178 ],0.30944717
[-1.252617  -4.272924   4.0749764],0.01959743
[ 0.2997877   0.17550187 -1.4861925 ],0.8893327
[-1.2075143  0.7482356 -0.0204889],0.72783995
[-1.4456967  -0.41226622  1.256506  ],0.46004903
[ 0.01978519 -0.2375426   0.54023063],0.87662876
[-0.07190548 -0.16382585  0.8442343 ],0.77810585
[-0.52577657 -1.8151339   2.076897  ],0.23112375
[ 3.7289977 -3.0635579 -1.2910272],0.028761372
[-0.7882781  1.4580307 -1.31173  ],0.34829757
[-0.1951209 -3.4331899  3.6915317],0.067919165
[ 2.5835514 -2.377252  -1.492797 ],0.07673141
[-0.2785549 -0.2651639 -1.3159342],0.9577044
[ 1.6440428 -3.2858791  0.6316144],0.5451727
[ 2.1776705 -2.285485  -1.2623228],0.12599137
[-0.66359514  0.35776624  0.27921143],0.94739854
[ 0.23639178 -1.7464621  -0.38925186],0.76052034
[ 0.8229521   0.24512449 -1.6686661 ],0.7396875
[ 0.23990126  1.4577954  -2.2375882 ],0.5157895
[-1.2027798 -3.8442204  4.1177607],0.02017904
[ 1.5924829  0.5639732 -2.9706242],0.5459475
[-2.3558896   1.8537717  -0.38070172],0.2766466
[-0.7169903 -0.9977807  1.6882197],0.33134326
[-0.12437274 -0.15198384 -1.4588189 ],0.93731546
[-0.93794864  1.3355877  -2.0303466 ],0.30434084
[-1.6594096  -0.6774163   0.76607364],0.53035766
[-1.6061871   0.56999314 -0.81399703],0.56470674
[-2.4817052  1.9167614 -1.7795364],0.11020334
[-1.3753047 -1.8306025  2.333656 ],0.116771445
[ 0.97906625  0.06160532 -2.0981548 ],0.6201252
[-0.12486482  1.7433121  -2.208893  ],0.35381812
[-2.8311005  -0.54015017  2.9895015 ],0.09729475
[ 0.7777244  -1.7304609  -0.44981864],0.57429004
[-2.239531    1.6368393  -0.87149125],0.2448655
[-0.60678005 -4.261004    3.7136252 ],0.046213627
[ 0.68217975  0.37895665 -3.260272  ],0.7601856
[-1.4933165  -0.26939172 -0.8122906 ],0.83848435
[-1.9011327 -2.605956   2.9474323],0.041481573
[ 1.5061      0.37111506 -3.5236974 ],0.5098784
[ 1.6559393   0.24465075 -3.912501  ],0.43087512
[-0.23291972 -1.2171583   0.91776764],0.62166536
[ 2.7255497  -3.289058   -0.84728926],0.09266935
[ 0.08255654  0.64948845 -2.7521026 ],0.70263124
[-1.8411803 -2.0594041  1.9145672],0.12101843
[ 1.258336   -0.95949626 -2.158001  ],0.31084937
[-2.69435     1.1358522  -0.17693482],0.48685634
[ 1.1490561 -1.0840173 -0.2588516],0.55439794
[ 1.5240016 -1.0564599 -1.7803767],0.26255167
[ 0.44321957  0.8836911  -2.460526  ],0.73868066
[-1.2312502 -1.3750403  1.4455997],0.2842149
[ 1.12503   -2.5236013 -1.4467287],0.24565707
[-1.3358326  0.5914743 -2.3199837],0.3932951
[-2.1228      0.29090053  0.9927112 ],0.67649263
[ 0.23886684 -1.5776159  -0.29443514],0.7947192
[-0.19510555 -1.1191862  -0.44977373],0.9196669
[-1.3045272 -1.6509336  1.6682756],0.21555804
[ 0.8506563  -2.482562   -0.86580104],0.4112789
[-1.3630223   0.65546834 -1.2155224 ],0.48275253
[-1.0626986   0.49153778 -1.0836519 ],0.59108233
[ 0.3264525   0.16291896 -1.4411355 ],0.88206637
[-1.5793376   0.91079855 -0.32563943],0.5734569
[-0.94303334 -1.986355    2.7541504 ],0.10159419
[ 1.2194761 -1.198795  -0.9941445],0.38436195
[-1.2220942   0.99059784 -0.8719677 ],0.4640628
[-2.367011  -4.743564   6.6631985],0.00045088318
[ 1.2214742 -3.057405   1.590991 ],0.73116744
[-0.457026    0.92284846 -0.76856524],0.6129161
[-0.74613774 -1.2450947   1.0866616 ],0.4581121
[ 0.8633677 -0.850742  -0.6188209],0.58965623
[-1.0731306   1.0842922  -0.68382823],0.4871955
[-1.0997552 -1.0860701  1.202817 ],0.38456815
[ 1.0693985   0.15926696 -3.1281574 ],0.58590084
[-0.6819643  0.9791049 -1.7958506],0.45645764
[-2.6385198 -3.8884103  5.382722 ],0.0018799014
[ 1.427439  -2.14503   -1.3095763],0.22796743
[-2.631372    0.19216453 -0.84925395],0.600579
[-1.1466831 -6.784577   7.789722 ],0.00044593064
[ 1.5023828 -4.3912535  2.3156035],0.59098744
[-0.47023904 -0.86502254  0.10858668],0.8505264
[-2.7415636 -1.3251625  3.5464385],0.034651175
[ 2.3842285  -4.5918345   0.07991855],0.23244901
[-1.1779718  -0.389709   -0.48865283],0.9574951
[-2.538694  -5.2482104  6.9747086],0.00017534275
[ 1.1671131 -1.8655937 -0.6376176],0.4095058
[-1.5747081   0.60468614 -1.3587995 ],0.4494574
[ 0.14896402 -2.615739    0.9603774 ],0.62967235
[ 4.214054  -3.255284  -2.0160224],0.010628724
[ 1.802058  -0.8702005 -1.8926381],0.23025443
[-0.0296923 -5.9921217  5.8551126],0.011234084
[ 1.96124   -1.3458325 -2.0291529],0.151764
[ 0.12813568  1.900836   -4.3222523 ],0.33962327
[-2.9819765  -0.04328756  1.7971096 ],0.33945006
[ 2.2471495  -0.62428725 -4.217873  ],0.15402666
[-2.659054   1.983733  -0.5905858],0.21289465
[-2.0719736 -2.3277934  3.315442 ],0.029851662
[ 0.8489388 -1.4056222 -1.5058802],0.38434103
[-2.2613971   1.4402586  -0.83715373],0.28748497
[-3.1064873   1.6143057   0.63466907],0.5571857
[ 0.63965213 -1.2775669   0.03903013],0.7713274
[-1.7697313  2.280254  -1.5124632],0.115940705
[-0.93614733 -1.7681986   1.7967577 ],0.228845
[ 2.3666723 -1.8532869 -2.6215162],0.06996036
[-2.7384782  1.6423331 -2.1083314],0.10741405
[-3.277641  -2.199304   4.8100605],0.0053336457
[ 1.6968262  -0.66541314 -3.062151  ],0.24237412
[-0.99328977  1.6220136  -2.3914804 ],0.22491205
[-2.1903343  0.7618183  0.1735759],0.7139329
[ 2.716472  -2.4089754 -1.7129574],0.05967216
[ 0.31109607 -0.7312232  -0.6956174 ],0.7565571
[-0.7433478 -5.2568927  5.916846 ],0.005543311
[ 0.24993002 -0.8236606  -0.66460335],0.772439
[-0.07822881 -0.8573692  -0.14354812],0.96414065
[-3.456602  -0.7785945  3.222233 ],0.06356413
[ 0.17061976  0.89616597 -2.2214422 ],0.6699883
[-2.297787   2.9971917 -1.4112426],0.057839055
[-0.9385023 -0.465263   0.4961428],0.72845685
[ 2.2336333 -3.2336895 -1.0309176],0.12192666
[-0.9790895  1.0421162 -2.2671974],0.3512874
[-2.4031456  -0.76360595  1.6052505 ],0.26097858
[ 1.4994292 -1.5317091 -0.9604447],0.2967483
[ 1.5707191  1.3767533 -3.2530775],0.7767532
[-2.6759303 -1.1871423  4.258953 ],0.020591825
[ 2.38388   -3.1850693 -1.5568435],0.07458548
[-1.6561724   0.32196596 -0.885     ],0.62232256
[-1.1379077 -2.230282   1.3735167],0.25614917
[ 0.36958122 -1.2760174  -1.3922817 ],0.55254805
[-1.4896226   0.67035806 -0.7603925 ],0.55588305
[ 0.65133685 -1.9393446   0.05821234],0.7302824
[ 1.2980651   0.97090757 -3.7991812 ],0.7383535
[ 0.63302416  1.0551777  -2.7977555 ],0.72995913
[-0.13310091 -2.214949    1.0465486 ],0.542707
[ 1.9523911  -0.36418772 -2.532916  ],0.25563616
[-1.8921263  1.2889276 -0.5990542],0.3839667
[-1.2972635  -0.90354466  1.0525084 ],0.4338514
[ 3.6525793 -1.9211878 -4.4390054],0.016234625
[-0.36479843  0.66100025 -2.4396791 ],0.5902879
[-0.9575895 -2.0541623  1.8380569],0.20665266
[ 2.1795137  -3.4584343  -0.06923544],0.24934678
[-0.1104774  -0.40666324 -1.3216083 ],0.89172006
[-0.6969312  -0.6535468  -0.43663055],0.95927274
[ 2.6947777  -3.3742974  -0.32436475],0.13999125
[-1.500221   2.8707733 -1.9513693],0.06734018
[-0.8404391  0.4361966  0.7694716],0.8553915
[ 1.444859   -0.13791476 -0.6439802 ],0.5305145
[-0.6459313  2.164043  -1.6742551],0.2071442
[ 1.5730768  -1.9796078  -0.18070678],0.3930665
[ 1.9524667  -0.08274826 -2.9497662 ],0.29770696
[ 1.1474421  1.9800475 -4.3359313],0.5865929
[-2.003356  -3.846336   5.1594744],0.003988167
[ 0.5448862 -4.723946   3.296629 ],0.16445583
[-0.08309807  0.4519526  -2.6603265 ],0.7215319
[ 0.615841  -5.1707745  3.359569 ],0.16496801
[ 0.89208984 -1.234874   -2.2004478 ],0.34501827
[-0.62972945  0.62989473 -1.6864029 ],0.5812357
[-1.4712205 -0.8138802  1.6310701],0.2940279
[ 2.656575  -1.4493315 -2.6072822],0.07043268
[-0.32518193  2.0399194  -3.1094432 ],0.2354839
[-0.6750771 -1.2782394  0.9956562],0.49508134
[-0.50491995  1.3490877  -2.3054953 ],0.36772037
[-1.3043069   0.9568403  -0.38279086],0.567312
[-2.1054797  -0.67230964  2.5903974 ],0.13469726
[-0.6117286   0.1801013  -0.64591646],0.8187947
[ 0.2677859  -0.52059317 -0.8715722 ],0.79292357
[-1.9369934 -0.6709862  1.5800121],0.3002654
[ 0.67185444  0.716473   -2.763253  ],0.8360059
[ 0.94005376  1.274273   -3.725719  ],0.73724484
[-0.43202817 -2.0601358   1.6343992 ],0.32459015
[ 0.8832028  0.8957517 -1.0836027],0.9016293
[ 0.8800252   0.66099036 -0.85790277],0.8719084
[-2.158919    0.10638014  1.7082115 ],0.41505784
[ 1.4394376  -0.7958189  -0.90123487],0.38869274
[ 0.19318858  1.9769695  -2.0577207 ],0.36900806
[-3.504112    0.30322924  3.4486141 ],0.12300411
[ 1.7092069 -1.276194  -2.2256775],0.18384585
[-1.0439308  1.2958059 -1.7572182],0.31293404
[ 0.7726514 -4.9869432  3.762516 ],0.13589677
[ 0.8250405 -0.5955143 -1.5201092],0.5420445
[-1.6044521   0.49010956  0.15474369],0.8229221
[-1.6421623 -4.1297526  4.9861546],0.006185165
[-0.74056095 -0.5776566   0.37700137],0.76005363
[-1.7948322   0.5590402  -0.12862039],0.7199166
[-1.0876161   0.8633231   0.18672119],0.7505103
[ 0.40956026 -1.4680611  -0.53427225],0.6922928
[-2.6126335  1.5249097 -0.1409329],0.3921647
[-1.5310533 -3.0195484  3.2457316],0.037179954
[-1.0995444  1.0045195 -2.8507829],0.31136715
[-3.026051   1.4757664 -1.2753118],0.19279456
[-3.8003688  -0.34779558  4.0254745 ],0.044448283
[ 0.68730444 -0.4053736  -2.0308847 ],0.5936778
[-1.5863477  1.7107265 -1.5081403],0.19384532
[-0.36866635 -1.425462    1.0729849 ],0.5250255
[ 1.0801268 -2.0581486 -1.2587374],0.30745912
[-2.3123753   0.14773816 -0.29148313],0.7765819
[-3.2119296 -0.9353521  2.8159635],0.08099908
[ 3.2075312 -1.5984197 -2.6775177],0.03923452
[ 1.8512595  1.3183732 -4.1522818],0.6747723
[ 0.7120838 -3.5763881  2.6415668],0.30591708
[ 1.7495725 -1.1291591 -1.7454939],0.21550785
[-0.71399164  1.99858    -2.6760943 ],0.19367824
[-1.5466553  -0.33615735  0.13325007],0.8196193
[ 1.2039937   0.18077287 -1.4912832 ],0.612744
[-0.4269253   0.9267262  -0.86235964],0.6082848
[-2.2049837  -0.00386968  1.1955988 ],0.53159726
[ 1.0335678   0.47162697 -2.1409886 ],0.7119356
[ 0.22502577  1.1021432  -1.5722162 ],0.65168464
[-2.4618483  -0.49090376  2.4813752 ],0.15792102
[ 0.5618069  -0.63198495 -2.2039938 ],0.5653848
[-1.3804716  -0.17003949 -0.4377237 ],0.8976482
[ 0.11578619 -2.8567753   1.3806665 ],0.48827162
[ 2.8783185 -2.65628   -2.4929032],0.031321414
[-1.0626014  2.5518522 -3.301668 ],0.09112174
[ 0.6905003 -3.1308436  1.1390772],0.71463466
[ 1.8056438 -1.6927912 -0.3544918],0.31658736
[-1.7232715   2.2628317  -0.55258733],0.20072071
[-1.3889861 -3.889448   5.6860385],0.0040383423
[ 2.2553318 -1.3947793 -2.152151 ],0.11286139
[ 0.9107732  -0.92522323 -1.5372185 ],0.44696847
[-1.3322259 -3.2354958  4.584584 ],0.012671963
[ 1.036194  -1.4054344 -1.3145877],0.36155522
[-1.5362216   0.40036586 -0.6214347 ],0.66886973
[-3.0895145  -0.39599016  1.3322283 ],0.37102175
[ 2.7665856  0.1453304 -2.9870114],0.19050795
[ 1.6969272  0.8770126 -2.9910283],0.60296464
[-0.6375352  -0.82920885  1.4808438 ],0.41015247
[ 0.91282856 -0.07244889 -2.3327944 ],0.59453857
[ 0.39630365  0.4068371  -2.0559509 ],0.87808746
[-3.2477968 -1.5601244  3.5612364],0.026621174
[ 1.1144804  1.7818952 -4.574034 ],0.63447654
[ 0.03936981  1.7955412  -2.6414428 ],0.36447877
[-1.1541324  -0.36968586  0.8494252 ],0.6172583
[ 1.082602   -0.70552385 -1.3454669 ],0.45793968
[-2.4388723  1.5787975  1.1536183],0.72567046
[-3.036251  -1.903434   4.7070503],0.007658287
[ 3.056537  -1.476047  -2.0123963],0.05717962
[ 0.49728614  2.8222277  -3.5546105 ],0.2313179
[ 1.4091603  0.4308983 -3.3996267],0.55634713
[ 2.5540843 -2.4043014 -2.081999 ],0.055996925
[-0.98679614  1.0617895  -1.5418032 ],0.39476758
[-3.6606574 -2.8465574  5.88934  ],0.00096652284
[ 0.8565025  -1.4272326  -0.90160626],0.4768903
[-0.03069359  0.903371   -3.228813  ],0.5806208
[-4.488921  -2.1430533  6.158442 ],0.0011527645
[ 1.187602   -1.255242   -0.97147506],0.39064947
[-0.21705979  0.6876792  -2.709304  ],0.6102426
[-0.8864382 -2.8105018  2.190491 ],0.1460815
[ 3.2942002  -4.287863   -0.38404435],0.07917268
[-2.2868643  1.8884896 -0.9668701],0.18954521
[-2.9822104 -1.7552036  4.8100934],0.007822839
[ 0.8804728 -2.287319   1.4329144],0.6973389
[-0.7921905  0.669431   0.3279737],0.8641621
[-0.7383355  -0.23615894  1.4286247 ],0.5063758
[ 2.5240903 -1.9225891 -2.9130042],0.054613557
[-1.0834478  1.9100789 -2.2425172],0.17515618
[-0.49431035 -0.2507068   0.01845313],0.94035685
[ 1.8183846 -1.7610506 -2.153388 ],0.13216625
[-1.4058857  1.5005865 -1.0339295],0.29557177
[-0.3599723 -1.3736619  1.2776322],0.47042093
[ 1.2444749 -2.28418   -1.4182687],0.2394592
[-2.3193107   0.13519809 -0.3807087 ],0.75754976
[-1.527541   -0.01716693 -0.6330818 ],0.7992758
[ 1.7906364  -0.10948709 -2.3863246 ],0.34039214
[ 0.4839587   0.20691983 -1.2980026 ],0.8561951
[-2.3797011 -1.7539545  3.036645 ],0.04460465
[ 2.216624  -1.8715413 -2.7496135],0.07608764
[-3.48651     2.0551345  -0.84186095],0.15793696
[-2.6914697 -2.082421   3.983219 ],0.014501088
[ 2.2922606 -2.40753   -1.2463396],0.11300199
[-0.26433676  1.292565   -1.8419124 ],0.45705676
[-0.5709358 -2.8600159  3.1434317],0.08344817
[ 0.41907692 -0.6137862   0.14047135],0.9076941
[ 0.02035592  0.28665796 -1.6524953 ],0.8485285
[-0.47000623  0.12528709  0.3132748 ],0.94118416
[ 0.47293404 -1.3543059  -0.84777135],0.61148715
[-1.6273949  1.8713841 -1.2154088],0.19394577
[-1.8092341 -2.8532867  3.3738086],0.028412292
[ 2.2282724  1.7006608 -4.604544 ],0.67372346
[ 1.1906468  0.7004168 -2.6875057],0.7107077
[-1.8674695  2.6261382 -2.2826397],0.061360136
[ 0.2487495  -1.4701962  -0.13172893],0.8371345
[-0.45614582  0.4316987  -1.2357101 ],0.7236326
[-1.4915339 -3.5631015  4.271288 ],0.014278895
[ 3.592413  -1.1665577 -4.0025744],0.032720845
[-2.1212811  2.5530958 -2.5304084],0.052668624
[-0.1850263  -1.540445    0.32032055],0.7981202
[ 2.1930654 -1.5756096 -2.1813061],0.10654004
[-1.3147593  3.2686799 -4.235567 ],0.037948325
[-3.2884166 -1.4418144  4.074075 ],0.018327978
[ 1.7271795 -1.285989  -1.1333264],0.24806112
[-2.0182686  2.6225822 -2.4953465],0.05305846
[-1.0632869 -1.6888491  3.3740606],0.060440976
[ 1.7095398  -2.842215    0.05644016],0.38533854
[-1.5510733  1.9164494 -0.7984001],0.23611127
[ 0.2950859 -0.9831754 -1.6030726],0.61381626
[ 0.56149143 -1.104427   -2.1386497 ],0.46080208
[-0.09960939  0.44835714 -2.2151606 ],0.73816097
[-2.8452477 -2.8229358  4.4181213],0.006100806
[ 0.88776296  0.09555836 -2.2460918 ],0.65127987
[-0.02016246  1.5860238  -3.244826  ],0.3913499
[-0.384652  -3.0714884  2.5013118],0.15887053
[ 2.2667294 -1.9428068 -2.5884507],0.0729334
[-0.6676629  1.4627718 -3.1551182],0.28500134
[-2.057969   -0.23827595 -0.41498053],0.87595284
[-0.23085004 -1.1342392  -0.24947274],0.9655394
[-1.7756659   0.45017332 -0.09025752],0.7650137
[-0.03290557 -0.9168824  -1.1402259 ],0.775685
[-1.2546641  -0.21572345 -0.11108514],0.9346827
[-0.3945149   0.19250953 -1.8661629 ],0.76457536
[-2.1281874 -2.9921975  4.4931808],0.008104056
[ 1.5482969 -1.0111215 -2.6002853],0.22803989
[-0.32194576  0.7051698  -2.7309384 ],0.57567203
[-2.4159708 -1.6370829  3.4903507],0.031864464
[-0.7078699   0.60694313 -2.3677256 ],0.52319986
[-0.8290436  1.05738   -2.6443849],0.35919127
[-2.5630217 -2.3382838  4.078232 ],0.012032054
[ 0.6211853   0.12908643 -2.1916862 ],0.7454899
[-0.1724993  0.2059846 -1.2971361],0.85305214
[-1.4171981 -1.1584166  2.4381695],0.13583985
[ 1.8132577 -1.9818367 -1.2370293],0.18303013
[-0.5709521  1.730852  -3.2603297],0.24821638
[-2.774846  -1.6774461  4.285449 ],0.013980897
[ 3.4098163  -3.9722035   0.30692255],0.12598395
[ 2.477777   -0.98412323 -1.2532077 ],0.1507965
[ 0.73299944  0.17625844 -0.9219868 ],0.80138385
[ 1.1502128 -0.8903636 -1.444641 ],0.39690307
[-1.7519578   1.1578023  -0.44232774],0.4606394
[-2.1100173 -1.986765   4.483912 ],0.011915971
[ 0.08379177  0.36919448 -2.3162856 ],0.8038597
[ 0.9991956 -1.0645849 -1.0923243],0.44199026
[-2.2715616 -3.556555   4.936339 ],0.004209914
[ 2.8253846 -2.0279152 -1.7492162],0.05989122
[-0.80414855  1.4024569  -1.4531239 ],0.34803444
[-2.1770852 -3.661261   5.508104 ],0.002526433
[ 2.2442071 -1.05372   -2.2947152],0.13537316
[ 0.24569035  1.3093357  -2.7807045 ],0.5457608
[-2.6921809  -0.43732348  2.7261899 ],0.13167447
[ 1.5718457   0.35262337 -2.817547  ],0.49708483
[-0.6911564  2.496535  -3.0971282],0.12744263
[-0.5493999 -3.3099322  3.587638 ],0.056296203
[-0.2483681  1.1715441 -2.537528 ],0.46400326
[-1.395944   2.8168046 -3.2251885],0.057558578
[-3.101144  -1.3207245  3.5504084],0.032747544
[ 1.2343285 -1.6630608 -1.2162511],0.30781105
[-0.07369526  1.201779   -2.3605115 ],0.50565803
[-2.5901098 -1.2620704  2.3855312],0.100100785
[ 2.3023393 -1.7167687 -1.2174846],0.13442749
[-0.49816033  1.6202089  -1.9048184 ],0.32267284
[-3.0309184 -3.9713864  6.2837152],0.00042698692
[ 0.7542048  -1.7024726   0.22938628],0.75516784
[-1.2550414  1.9602214 -1.9539744],0.16260096
[ 0.01356741 -0.613281   -0.55627364],0.8768246
[ 1.6707821  -0.88046944 -2.0575306 ],0.24490197
[ 0.71912116 -1.2859924  -0.8396908 ],0.5437033
[-2.2316322 -1.7441826  3.7961833],0.024109447
[ 1.1957673 -1.1918526 -1.3063912],0.3504645
[ 0.3190891  1.3276124 -3.2392807],0.5514585
[-2.392157   -0.71124756  2.6070352 ],0.1240341
[ 0.5269122  1.4758394 -2.5835917],0.57815075
[ 0.03942334  1.7104081  -1.7483    ],0.41526774
[-2.0084527 -0.3608113  2.602877 ],0.16556081
[ 2.2862165 -2.7967443 -1.4604399],0.09205892
[-0.71202755  0.4576904  -1.1807843 ],0.66302073
[-1.282495  -2.3482587  3.247888 ],0.049965244
[-0.8317641  1.0598906 -1.6609062],0.4139208
[-1.666392   3.4726725 -2.851335 ],0.02864144
[-2.7564538 -0.9914516  2.541119 ],0.10287691
[ 0.6049382 -2.0413363  0.7465567],0.83450484
[-1.2797368   0.37271383 -0.25420067],0.7853445
[-0.82813036 -5.9121594   7.0843754 ],0.0015830452
[ 1.2982024   0.22006425 -2.0292594 ],0.5663911
[ 0.9096808  1.5582473 -3.0375965],0.65323246
[-0.59120756 -3.8771596   3.911518  ],0.039994843
[ 2.8963094 -0.5775937 -3.9389298],0.09541267
[-0.63598484  1.8073533  -2.3752217 ],0.24385317
[-2.319476  -1.5609858  2.5682387],0.075727925
[ 2.1154046 -2.5049577 -0.4482473],0.21488358
[-1.3733703  1.712608  -1.7894968],0.19384299
[-0.5010404 -4.307474   4.2671623],0.031193312
[ 1.8870907 -2.0571384 -0.7634204],0.2227654
[ 0.19890875  0.5821624  -2.0131567 ],0.78367186
[-0.3764869 -4.1999855  4.1313143],0.0391196
[ 0.75404793 -0.48284242 -1.9912494 ],0.55601573
[ 0.69586     0.27586627 -2.9572644 ],0.7353258
[-1.1252571  -0.35700765  0.47690016],0.74176157
[ 0.9896967   0.08324067 -2.7448869 ],0.5985347
[ 0.18122934  0.616812   -1.5453142 ],0.7947564
[ 0.8755843  -1.6793846  -0.66538453],0.49859098
[ 1.9840207   0.39066476 -4.158629  ],0.3816899
[-1.2896436  2.7130365 -3.5736027],0.06547955
[-1.1413443 -2.6104243  1.5279462],0.21352771
[ 1.112803  -2.7192595  0.6049183],0.70689285
[ 0.15757881  2.1397119  -2.4769077 ],0.31331512
[-0.31689683 -0.11022583 -0.942796  ],0.9347017
[ 2.84095   -1.0994513 -2.2223506],0.081570804
[-0.5330163  1.5632572 -1.6492696],0.34308228
[-1.3211099 -1.6090707  2.3832915],0.123358995
[ 1.4781978   0.25783247 -2.248867  ],0.51408696
[-0.3884039  1.8697292 -1.742572 ],0.29460287
[-3.686668   -0.52383566  4.947529  ],0.0171146
[ 2.1229444 -1.8848642 -0.8753757],0.17973089
[-0.95919484  1.2960547  -1.2846928 ],0.36282814
[-0.842149  -1.7272888  2.0958192],0.19340831
[ 0.8714975  -0.47347292 -0.9346322 ],0.6084028
[-1.0516307  -0.11302948  0.7963139 ],0.7029556
[-0.43933848 -3.4170084   3.489723  ],0.066346355
[ 2.0635445  -1.9427196   0.49031994],0.41737342
[ 0.12342886  3.0356317  -2.3315232 ],0.15822554
[-0.76701933 -4.7329507   6.693498  ],0.0025737777
[ 1.8649855 -0.452541  -2.410744 ],0.26088142
[-0.15908872  1.3522462  -1.991135  ],0.4569997
[-2.3688     -0.15546146  2.4992929 ],0.19741268
[ 2.279976   -3.0979717   0.13039237],0.2696702
[-0.06161273  2.5065253  -3.647398  ],0.19499719
[ 1.2170212 -5.031426   3.5163097],0.23077269
[ 4.5939054 -1.2228174 -3.905251 ],0.012880337
[-0.36299303  1.1584135  -1.877942  ],0.47067395
[-2.2771587 -2.503171   5.4046288],0.0036734915
[-1.1371353  1.4480764 -1.3175038],0.30021757
[-1.5508935   2.720727   -0.76409256],0.12821345
[-2.2587273   0.68840015  1.6717485 ],0.5718396
[ 0.54469514 -0.8035991  -1.5429171 ],0.5805959
[-1.1366554  2.1547778 -2.7823188],0.12739873
[-1.8801436 -1.7556131  2.3746915],0.09185274
[ 0.677374   -0.03236398 -1.5842295 ],0.7203404
[-1.1298609   0.7118356  -0.54978514],0.6229219
[-1.2926083 -1.461344   1.2100366],0.3191344
[ 2.6943953  -4.0505695  -0.19517842],0.15070972
[-2.8349345   2.2315469   0.11824736],0.28035116
[-2.7377048 -3.1403823  5.036105 ],0.003130632
[ 2.3820481 -1.2162441 -2.3727026],0.10769248
[-0.00190595  0.2133634  -1.8395725 ],0.8532582
[ 0.30904165 -2.1497083   0.46319848],0.83879924
[ 1.235837  -1.5828745 -1.2212199],0.31303015
[ 0.31584984 -0.09713516 -1.1209141 ],0.85036135
[-1.2830805 -2.7197356  3.397132 ],0.040803164
[ 4.0841737 -2.8615065 -2.1869056],0.011798464
[-0.84565485  1.4043221  -1.7914189 ],0.3179394
[-1.285773  -5.450109   6.8130302],0.0013094789
[ 2.8918912 -1.2076936 -1.9831039],0.07730621
[-1.3686477  1.4677396 -0.6170815],0.36998114
[-0.56441265  0.45783386 -0.06209146],0.8590232
[ 0.43046713  0.7821561  -0.8062506 ],0.8528294
[ 4.0357943 -1.5215622 -1.637463 ],0.027075708
[-2.2981265 -2.265883   5.0310616],0.0057632164
[ 1.0598577  -2.312401   -0.17842941],0.52279174
[-1.8955061  2.0059013 -1.1326714],0.17007287
[-1.0285976 -1.7562668  1.7802615],0.22123925
[ 0.9133359  0.6702554 -2.6444783],0.7846099
[-1.6525068  2.537659  -1.5553414],0.095662825
[-0.38126606  0.2251375  -1.227317  ],0.8061213
[ 2.1648808  1.3663048 -3.5124059],0.5995681
[-0.67351335  1.8086008  -2.1182737 ],0.2467391
[-2.1810756 -2.9383883  4.0743675],0.0116841355
[ 0.8504603  -0.27642202 -0.46323168],0.7050166
[ 0.2545396  1.298145  -1.0156158],0.6333053
[-0.19350058  0.21104822 -0.4073677 ],0.9092977
[ 0.33711413 -0.457371   -2.00922   ],0.69330525
[-2.1288922  1.3471525 -1.1931267],0.25847018
[ 0.09598841 -0.7767782  -1.157472  ],0.7646484
[ 0.58211255 -1.3439981  -1.3883277 ],0.4784297
[-2.533935    0.19845244 -0.47026244],0.703094
[ 0.05833472 -2.8225405   1.6602426 ],0.39869416
[ 1.1752918  -0.5392425  -0.57939297],0.5405188
[ 0.999431    0.95303345 -2.0657785 ],0.84714526
[-1.7571002  -0.18564479  2.5732255 ],0.1963589
[ 1.9134239  -0.19248682 -1.507452  ],0.33000195
[ 0.9995918   0.23397279 -1.1862199 ],0.7115605
[ 0.02132343  0.7158189  -1.4349663 ],0.7317041
[ 1.0195247 -1.8485279  1.3074346],0.7848586
[-0.28227827  2.393344   -2.0426624 ],0.20407163
[-0.85119694 -0.13869396  1.4523809 ],0.50873446
[ 0.7902131  -1.6368974   0.06495201],0.7057406
[-0.36768332  1.0826203  -1.376688  ],0.5261383
[-0.19227515 -2.0545762   1.7947494 ],0.33359697
[ 0.623254   1.2457409 -1.9921558],0.69319195
[ 0.17771539  1.8918087  -2.2212822 ],0.38197708
[-1.3588883   1.8215579  -0.38863984],0.3254117
[-0.54943633  1.4495354  -1.5079058 ],0.37675518
[-0.5498879  0.8092643 -1.5752354],0.5527345
[-1.6483532   0.10424306  0.8254303 ],0.70392394
[ 0.94827956 -1.0511898  -2.2174904 ],0.36345375
[-0.13549574  0.20681396 -1.9874239 ],0.81532115
[-0.4599763 -4.583857   3.4212108],0.066437274
[ 2.755075  -0.74588   -2.0350602],0.11375213
[ 1.407616   1.7182907 -2.990046 ],0.74661404
[-1.7287323  3.3266518 -0.853987 ],0.07042387
[ 2.8339994 -4.227084  -1.1512047],0.06294739
[-2.0283535   0.25305825 -0.65833145],0.6683983
[-2.1218195 -1.8634695  3.7192745],0.025104681
[ 2.531068    0.34542346 -2.572712  ],0.2666132
[ 0.5224932 -1.2030337  1.7803922],0.5367491
[-2.521144  -2.4611866  5.7388096],0.0023601644
[ 1.5299385  0.6435627 -2.403711 ],0.59865427
[ 0.8039857  1.5363396 -1.7247773],0.6624031
[-0.2697886 -2.7246685  3.73684  ],0.06430488
[ 1.7531941 -0.0388866 -3.8175821],0.33984482
[-1.5987812  1.2479929 -1.3454345],0.2925107
[-2.5639184 -2.3511786  4.1687083],0.011000508
[ 0.50117195 -0.86299837 -1.6441379 ],0.57185876
[-0.46741438  1.2264555  -2.7067344 ],0.39193752
[-1.629928   1.8647617 -1.1280209],0.20343068
[ 1.450142   0.5585829 -3.8733044],0.57539797
[-1.5459087  1.4801133 -1.4665068],0.23801884
[-1.6023378 -3.399206   4.1893964],0.014395267
[ 2.5140574 -1.865511  -1.8164238],0.079887405
[ 0.89122456  0.4303743  -2.9003336 ],0.7207879
[-0.5304406 -1.6518942 -0.565759 ],0.94927657
[ 1.136697   -1.7296504  -0.58842593],0.43667507
[-0.23926425  0.24441701 -1.1264528 ],0.8398482
[-0.44781047  0.7268015  -1.3000206 ],0.62537706
[ 3.1892502 -1.2947595 -3.679662 ],0.042946544
[-1.0796549  0.662107  -2.2926795],0.42738712
[-1.5600941 -2.4555063  4.2265882],0.017207444
[ 1.9334451  -0.25058854 -1.1737056 ],0.33434972
[-0.71963155  1.42211    -0.75005704],0.4207537
[-2.7149618 -3.8581986  6.811158 ],0.0002734752
[ 1.5658448 -2.0970266 -1.5758553],0.18037578
[-0.2173169   0.05306397 -2.0812194 ],0.83581895
[-0.7051607 -0.662711  -1.0324225],0.9866713
[-0.53760433 -1.8532816  -0.3573164 ],0.8961662
[-1.2753546  1.2436404 -1.7325145],0.2924632
[-0.43235534 -1.4072254  -0.6782577 ],0.9180763
[ 2.2375507 -1.2771626 -2.0052164],0.12697598
[-0.28775328  0.4252987  -2.5098872 ],0.681401
[ 0.4140693 -5.853443   5.4564986],0.023875283
[ 3.4448864 -1.7464169 -2.3958638],0.03123129
[-0.7858025  1.9498414 -1.8758948],0.21660899
[ 2.9018493 -4.936108   1.7998244],0.50616884
[ 0.48639828 -1.3097944  -1.6217828 ],0.4868948
[-0.07061679 -0.35562262 -2.5446987 ],0.8139572
[ 1.4057924  -2.99908    -0.40998846],0.35224557
[ 1.1662245  -1.6796622   0.02908337],0.5748356
[-2.6480892  2.899528  -1.441755 ],0.057073664
[-2.431739  -1.1543763  3.4657154],0.044262033
[ 2.6668062 -1.8533726 -1.9087425],0.06793937
[-2.1588376  3.2661922 -2.1974213],0.031350195
[-3.1203883 -4.120681   6.917545 ],7.5442935e-05
[ 2.6321063 -3.9700089 -0.744972 ],0.103905894
[-1.7984183  1.96938   -3.0974379],0.091064505
[-3.458478  -2.1536171  5.214062 ],0.0035900252
[ 3.078202  -1.0558051 -2.998981 ],0.0606953
[-0.38349172  2.2083356  -3.1075869 ],0.19919914
[-1.6490474 -2.0684018  3.2371037],0.0437314
[ 1.3099507 -0.8711289 -1.7313665],0.33912647
[ 1.0713214   0.19271305 -2.4275858 ],0.613727
[-0.31617153 -3.2824838   3.2331111 ],0.09127064
[ 0.30298948 -0.7893181  -0.44509405],0.8055203
[-0.3447592   0.4627804  -0.77754754],0.7798765
[-1.0905334   0.5236933  -0.03357501],0.804414
[ 2.8779018 -1.5475774 -2.6482444],0.05427208
[ 0.34287888  1.9631497  -3.8356092 ],0.37738603
[-0.2014977 -3.1558707  2.102816 ],0.2440016
[ 2.4894602  -1.8430668  -0.96463305],0.128621
[ 0.32980123  1.6865185  -1.6994773 ],0.49236718
[ 1.5731882 -5.442439   3.1730409],0.3746372
[ 0.5214882   0.10512798 -2.0864859 ],0.7746973
[ 0.5639506   0.55685055 -3.0650036 ],0.841537
[-2.335693    0.21614628  1.3378394 ],0.54191446
[ 1.3397684  -0.82526886 -1.5608054 ],0.35158014
[-0.88584155 -0.2263375   0.2040452 ],0.8725966
[-0.4307639  -1.7360299   0.63123363],0.6248474
[ 4.0777082 -2.0027254 -1.7782075],0.019939339
[-0.21211688  1.5556644  -1.1472279 ],0.43957737
[-2.382545  -1.0633168  4.3219275],0.02241853
[ 1.1163884  -3.3862488  -0.16333264],0.47885156
[-1.4116362 -1.1826569  0.2157118],0.6159569
[-1.4252539 -4.2724752  4.0888395],0.016745768
[ 1.4883565 -0.6692939 -1.455827 ],0.34970713
[-1.0332676  1.8729256 -1.5766696],0.2149829
[-2.736823   -0.47052744  2.3509002 ],0.17264377
[ 1.9838457 -1.8629174 -1.6026244],0.1368829
[-1.3137809  0.9663938 -1.5027868],0.36929446
[-2.9252653 -1.5896102  3.6495898],0.025442291
[ 1.265406  -1.1201087 -1.959668 ],0.29495496
[-1.2920551 -1.1669594  1.2135482],0.35114735
[ 1.5816044  -0.49196205 -2.7024782 ],0.30343136
[-0.06346213 -1.1476513   0.02577375],0.93573385
[-2.0615318  1.6664509 -0.7645481],0.26226008
[-1.2292941 -0.9464828  0.7067874],0.53206086
[ 1.9330243 -4.192803   0.5967344],0.4467282
[-1.2611969  1.5598549 -2.5356317],0.19617397
[-1.459223  -3.804169   3.2767222],0.034614164
[ 1.4353592 -1.9337854 -0.9139445],0.2921633
[ 0.13878499  1.1038097  -2.9706292 ],0.5733236
[-0.85214365 -1.8362408   2.3230648 ],0.15717492
[ 2.111002   -0.44341746 -1.7395406 ],0.2393699
[ 1.0475914   0.69687855 -1.4548287 ],0.7964235
[-1.726239  -1.7351261  3.2361834],0.047414858
[-0.7042354  0.8752638 -1.4179153],0.51208246
[-0.13909592  0.96600246 -1.9352901 ],0.5798782
[-3.4367507 -2.3182795  5.028315 ],0.0038219558
[ 1.9233353 -1.4150401 -1.7875636],0.16117308
[-1.981126   2.5736434 -1.5301005],0.08435061
[-1.6221824 -3.013222   3.70328  ],0.023326613
[ 1.5449585 -1.9657292 -0.7446785],0.294257
[ 0.15258873  0.75895894 -1.4627006 ],0.748871
[ 0.53015393 -4.72933     3.347088  ],0.15629213
[ 0.6853702   0.09683426 -1.4182192 ],0.7611321
[-0.8086953   0.36427838  0.27337292],0.9354408
[-2.0056696 -4.8264117  6.4361115],0.00093675713
[ 1.5509918 -2.154969  -1.0609936],0.23762482
[-0.8949564  2.0365345 -3.4050891],0.15517156
[-0.63675064 -3.981759    3.454397  ],0.05684703
[ 2.1214242 -1.2868516 -2.2507164],0.13094169
[ 0.6587867   0.02763885 -2.5135624 ],0.6933305
[ 0.3218437  -2.6525064   0.12730528],0.8146522
[ 0.33250806 -0.67184937 -1.1612202 ],0.71339434
[-0.07993635  1.3387878  -2.4375305 ],0.46196917
[-1.4971389 -4.869896   6.2443514],0.0019684795
[ 0.4151404  -1.7458731  -0.37637705],0.7068931
[-0.5759336  1.202361  -1.6379441],0.42751575
[-1.7807105  -0.75352514  1.1607717 ],0.39373878
[ 1.5460259  1.2685548 -3.777436 ],0.7502809
[-1.8184062  3.1290262 -1.9460913],0.045897618
[-0.35580993 -0.48814657 -0.83493865],0.9668088
[ 1.0668861  -0.29113948 -1.7536535 ],0.52193785
[-0.1165332  1.2393419 -1.4641227],0.53005636
[-2.8667688  0.3042354  2.4871793],0.26389349
[ 1.7190537 -1.2525744 -2.3489478],0.1803461
[-0.47599143  0.99871373 -2.8564835 ],0.44564068
[ 0.6632798 -2.5536127  1.8775629],0.49757546
[ 4.037911  -3.938264  -2.6214015],0.0070350417
[-1.9817034   0.72439003 -1.4702834 ],0.3617009
[-0.94890845 -1.8164386   0.40976384],0.56598496
[ 1.3771539 -1.5407956 -0.3473351],0.43337977
[-0.42662573  0.12958348  0.22857578],0.96462935
[ 1.5704416  -0.7000804  -0.43715748],0.43258604
[ 1.5516707 -0.8951489 -1.6902089],0.28488934
[ 1.6924098  -0.18388936 -2.2035384 ],0.35404557
[-0.206065  -1.4265338  0.7157133],0.6761533
[ 0.8693203  -1.2175902  -0.58019835],0.55858326
[-1.6909391  0.8209052 -0.2439726],0.61396575
[-1.1024808  -0.10877335  0.90847844],0.6636267
[ 1.2999194 -4.1577435  0.2595163],0.5319689
[-2.4638672   0.00529135  0.32677403],0.7902564
[-1.2492576 -0.2575952  0.7474018],0.6677372
[ 0.13251898  1.1779928  -2.7376113 ],0.5551926
[-2.3487396  3.6237159 -2.6161063],0.017684497
[-0.55619484 -0.3049005   0.29128176],0.8564839
[ 1.5899953  -3.0071957   0.91007876],0.6442619
[-0.81811166 -0.23419657  1.265499  ],0.5482376
[ 0.09901961 -0.3790566  -0.70502824],0.8832861
[ 2.574914  -4.3632765 -0.2599056],0.15646186
[-0.50752383  0.13053331 -1.5720228 ],0.7787837
[-0.04600241 -0.6661763  -1.4254729 ],0.8090112
[ 2.9221218 -1.3491058 -1.7310771],0.07487251
[-1.6449237  3.9713082 -2.441809 ],0.020570843
[-2.7206848 -2.409266   5.294384 ],0.0034746765
[ 2.0352457 -0.5771704 -3.4201355],0.19468418
[-1.09606    2.497027  -4.0290866],0.088168584
[-2.9483619 -1.2565976  3.6562276],0.03196982
[ 2.1398396   0.15478607 -2.6444383 ],0.3095544
[ 0.70711124  1.640633   -2.3525996 ],0.5840349
[ 0.7876446 -4.5471354  3.3917751],0.18425879
[ 1.5535852 -3.0294156  0.3497969],0.49760193
[-1.3866373  1.6351815 -1.7057683],0.20930198
[ 1.5512874 -3.7110047  0.5734082],0.5513377
[ 1.8985131  -3.6269403  -0.49610978],0.22622828
[-2.47314    1.1409749 -1.0708085],0.30229124
[-0.36534172 -1.2583992   2.162628  ],0.26310062
[ 0.75001436 -1.5523405  -2.0842087 ],0.33450472
[-1.6893563  1.4716738 -1.8657361],0.19640064
[-0.40956092 -3.8341298   3.8277526 ],0.0500148
[ 1.3929008  0.9870782 -2.7805653],0.7280879
[-0.38716394  2.6474047  -3.6010928 ],0.13722846
[-1.0446981 -4.0205173  4.5315475],0.015721506
[ 1.1592318  -0.81884193 -1.3166561 ],0.41829523
[-0.4761292   0.63171995 -1.7554004 ],0.6121461
[ 0.14075047  0.16051762 -1.4347144 ],0.9225576
[ 2.4183674 -2.3333025 -0.8994903],0.12880647
[-0.3152552   0.41692406 -0.22200562],0.85626316
[ 0.4860915  -1.0203347  -0.18034764],0.7881416
[ 1.635832   1.0222658 -3.5879228],0.6563443
[-1.3791169  2.3864527 -2.175771 ],0.10162469
[-2.2260334 -3.443297   4.8057003],0.0050572488
[ 1.8296821 -0.7839192 -1.1179136],0.28210604
[ 2.7249045 -0.4681865 -1.17342  ],0.16521604
[-3.5604072  1.1877633  2.9728568],0.33544624
[ 4.4301257 -3.100956  -3.3153515],0.0042708274
[-2.3511393   1.7174034  -0.26224646],0.32765454
[-3.138717  -2.3086503  5.379942 ],0.0029498336
[ 2.6734772 -2.563949  -1.1226195],0.086744815
[-0.38440856 -0.76510787  0.38222227],0.79684305
[-2.537197  -1.5284046  3.347399 ],0.03750676
[ 1.7104397 -1.4450831 -2.0371456],0.17512482
[-0.04093919  0.63550293 -2.5057068 ],0.6823034
[-2.9584358 -2.0871136  3.8486748],0.015138967
[ 2.0565639  -0.37817875 -2.7414901 ],0.23025058
[-0.40677413 -0.23671234 -0.12498616],0.97727144
[ 0.49052316 -4.78934     3.200083  ],0.1699276
[ 0.7117916  0.2637225 -1.4950695],0.7889617
[-0.3321285  0.7511978 -1.1386774],0.65863645
[-2.0560982 -3.4166632  5.467944 ],0.0030425438
[ 1.6274518  -3.3841324  -0.43046165],0.2916241
[-1.005974   0.8794317 -3.0559165],0.350837
[-0.79463947 -4.312046    2.924303  ],0.07738076
[ 0.7395282   0.29549682 -2.7091608 ],0.73449874
[-1.0036157  1.4269513 -2.5894852],0.25118613
[-4.2483954   0.42594835  1.653496  ],0.477065
[-1.0987148 -0.638458  -0.3832165],0.93235207
[-2.3835793  1.186761  -1.6533381],0.21592636
[-3.1864905 -2.3933227  5.3557653],0.0028082435
[ 0.6794299  -2.3415582   0.03225559],0.6951995
[ 1.708489  -0.5963881 -2.8662035],0.25552
[-1.8921542 -4.3996506  5.652118 ],0.0025410189
[ 0.7034043  -0.33295614 -1.4483305 ],0.64754426
[-1.4561839   0.98245466 -1.0178326 ],0.41774252
[ 0.5815751 -1.2371243 -0.1348999],0.75111043
[ 2.8347805 -2.3339438 -1.8393219],0.051285468
[ 0.1188271  0.8081391 -3.483742 ],0.6464878
[-2.837964  -3.3527865  5.0848384],0.0025884074
[ 2.608686    0.22181943 -4.40755   ],0.21873978
[-0.16857098  0.85104334 -2.321139  ],0.58861625
[-2.67068     0.36111525  1.5712258 ],0.502655
[ 0.88565946 -1.0339851  -0.911209  ],0.50689816
[-3.5812984  3.4054658 -0.7618459],0.05465818
[-2.0926645   0.19579765  0.89407223],0.682999
[ 0.9971386  -0.60664296 -0.5268129 ],0.5936389
[ 0.04081693  2.3106465  -2.653029  ],0.25404227
[-0.4190157 -3.5761614  3.93393  ],0.045779426
[ 0.29373324 -1.2065934  -0.48562136],0.76307774
[ 1.4578635   0.16887748 -2.5713377 ],0.48717356
[ 0.3384344 -4.4571104  2.8083093],0.20509651
[-0.4940844  -0.4167111   0.50458944],0.7779101
[-1.6602393  1.7605221 -1.6224172],0.17303422
[-3.2526658 -1.0959408  4.148482 ],0.02251571
[ 0.9920025 -0.9756762  0.459534 ],0.7841139
[ 1.0652657  -0.5700991  -0.26073727],0.6300039
[-2.1384418 -1.615352   3.194533 ],0.04522079
[-0.6682929   0.36979064 -0.59455305],0.765535
[-0.90003353  0.46221077 -0.6746979 ],0.6979657
[-0.8359138 -1.444693   1.0441265],0.4350717
[ 1.1936402 -0.913229  -0.8246301],0.4478095
[-0.5934619   0.9213613  -0.34083933],0.6559737
[ 0.65833974 -0.33540678 -1.629887  ],0.64747036
[ 0.59446174 -2.3120713   0.09009255],0.7381116
[-0.5779536  2.2582564 -2.5530653],0.17569098
[-1.7723345 -2.9586635  3.8288202],0.01899075
[ 2.3176768 -3.23762   -1.7926885],0.06651281
[-2.904296   1.4495659 -0.8362881],0.26399285
[-2.1360705 -1.0267911  3.4067   ],0.05380066
[ 0.86516565  0.36301786 -2.8743408 ],0.7107172
[-0.8673043  1.6609918 -2.3957899],0.2354527
[-1.8142195 -2.8717177  3.3093512],0.029849857
[ 1.8249199 -1.4455702 -1.8493042],0.168491
[ 0.14937271  1.3028243  -3.0192869 ],0.51612705
[ 1.7169847 -0.6551819 -3.064521 ],0.24035701
[ 0.08741438 -0.306691   -0.51551884],0.9121715
[-0.16884398  0.9788754  -2.0821483 ],0.56050193
[ 0.0322026  -0.69740975 -0.06691989],0.96070176
[ 1.8581992 -1.0036945 -1.5770752],0.22063649
[-1.6462581  3.4506142 -3.2003953],0.027770368
[ 0.11455344 -4.52491     4.5765567 ],0.040091485
[-0.0450234 -0.4744089 -1.0005783],0.8825512
[-1.0379151   0.98745835 -1.3498229 ],0.4229633
[-1.3199106 -1.6195662  1.4115548],0.26141888
[-0.2739951  -0.40222034 -1.775356  ],0.9065879
[-0.7369012  2.3760962 -3.994523 ],0.12861657
[ 1.2377125 -5.7158127  3.8398743],0.18340757
[ 2.1336467 -0.5697789 -2.0595918],0.20738234
[ 0.29975045 -0.6528096  -0.7254357 ],0.7691293
[ 0.94729584 -5.2678604   3.4018443 ],0.20555799
[ 1.2192998  -2.2771025   0.21772544],0.5803195
[-0.2429298   0.88327587 -2.3168705 ],0.5593467
[ 0.9527641 -4.05209    2.4418724],0.405734
[-0.42157277 -0.25666007 -1.4105917 ],0.9222226
[-1.5344925  2.1993186 -2.2305102],0.10702615
[ 0.4388229   0.23272546 -2.2881248 ],0.8214896
[-1.3149911   0.29717356 -0.03259904],0.8560092
[-0.8122689  1.1496779 -1.0387928],0.4487879
[-0.11282476 -1.7560575   1.2427878 ],0.51191056
[ 0.7306802 -1.3910435 -0.3195067],0.6466321
[-2.4204507  1.1201017  0.7530183],0.75250185
[-1.5524824 -3.723924   5.5770397],0.003953611
[ 1.8833903  1.2711245 -3.6817403],0.65420485
[-0.21073943  2.261878   -2.8686998 ],0.21900101
[-1.5849745 -0.6821834  1.8577412],0.26027846
[ 0.3134842   0.15272522 -1.9454933 ],0.85425997
[-1.6855421  1.6147697 -1.1140256],0.2439231
[-3.6271756   1.7207716  -0.17914969],0.31892705
[ 1.4023584  -1.8932649  -0.70294523],0.33675224
[-0.7093424  1.446308  -2.371958 ],0.3035068
[ 1.4744141  -3.0057647   0.21969882],0.4858764
[-0.6526303  0.3906241 -0.785665 ],0.7361084
[-0.61885333  1.3455565  -2.5943604 ],0.33482236
[-0.4430724 -1.012705   0.8682691],0.6082263
[ 2.5936377 -1.4097458 -1.4860979],0.10377066
[-2.1844053  1.3502439  1.2089248],0.8110317
[-0.09340309 -0.89880574  2.0606792 ],0.3492382
[ 2.321708   -2.0012758  -0.59629923],0.1779905
[-0.44570565  1.2846876  -1.6626359 ],0.43024
[-1.896767  -4.9230943  7.739571 ],0.0001187174
[ 1.9564605 -0.6493249 -3.8351007],0.19232222
[-0.28707567  1.7001085  -3.1770506 ],0.3075431
[-0.12913515 -2.3320835   1.069249  ],0.531847
[ 0.7504178  0.0667345 -2.255536 ],0.6860578
[-0.7962207  1.1654613 -2.0632732],0.36694628
[-0.7101942 -1.4290357  1.6585796],0.3062111
[ 0.8215451  -0.60984254 -1.839758  ],0.515345
[-0.4342164  0.2574327 -2.0366619],0.7227512
[-3.1047213 -2.4579556  4.1993046],0.008345804
[ 1.1082687 -0.8518758 -2.9157348],0.3328946
[-2.4808662  1.8075106 -1.508716 ],0.14078194
[-0.50892675 -1.1430742   0.12913193],0.81393564
[ 1.018866   -1.9646854  -0.49688306],0.4750614
[-1.0747656  -0.3035963  -0.78200287],0.8854306
[-0.35709545 -4.4679527   4.0352936 ],0.042943254
[ 1.5761206 -1.518538  -0.9084916],0.28890792
[-1.4655528  2.328387  -2.1785033],0.10139766
[-2.091167  -3.8011916  5.713966 ],0.0021469998
[ 1.7656626 -3.277555  -0.8973839],0.19333334
[-2.207219    0.776772   -0.52555823],0.5257362
[-0.8519993 -0.4325135 -0.9053578],0.91412824
[ 1.8863088 -0.933494  -1.8952137],0.20839387
[-0.6359813  -0.5546882   0.44623023],0.7539197
[-2.2952247 -1.8781774  3.9162493],0.019679153
[ 2.3446767 -1.6879395 -2.5852754],0.079364866
[ 0.38624132  0.20999295 -2.2097719 ],0.8343191
[ 1.4860383  -2.6766756   0.08273652],0.45447835
[-1.0277498   0.0418628   0.70633316],0.7701037
[ 0.4406929   0.37319523 -1.0140486 ],0.9218672
[-2.200919    0.18456295  1.1037446 ],0.60988533
[ 1.5196193 -1.2057314 -2.1022143],0.2269823
[-1.2207942  0.5865979 -1.1279224],0.53453195
[-0.8593674 -2.696041   2.3244758],0.13548583
[ 2.607172  -0.4524655 -3.3535714],0.13659206
[-0.4456939  3.405292  -4.5204716],0.06822079
[-0.8258197 -5.202565   4.9480786],0.012590767
[ 1.8220587 -2.5304415 -2.793033 ],0.07270436
[-0.5609534 -0.5668124 -0.9502136],0.9922957
[-0.54067904 -2.7468462   0.79555166],0.4910213
[ 1.7976273 -1.1537305 -2.937409 ],0.1641812
[-1.0388805  1.196062  -1.6641792],0.34310597
[-3.7925396  2.0196114  0.7609681],0.46922156
[ 2.2842808 -1.5524731 -1.4101169],0.13043797
[-0.9845378  1.5196384 -1.4431801],0.29546362
[-1.3149308 -3.6353745  5.111814 ],0.007577091
[ 0.03364223  0.37144586 -1.6210166 ],0.8286875
[-1.102539   1.4839529 -1.6618291],0.27165556
[-1.9768143 -4.0251374  5.5944896],0.002594112
[ 2.0952942 -2.4285827 -0.6563293],0.19218752
[-0.7163859  -0.24860367 -0.40776566],0.9624624
[-1.2025971 -2.9564953  3.9750054],0.025088623
[ 0.28234452 -0.4624355  -1.6321789 ],0.7368183
[ 0.9698281  -0.30528954 -2.6331553 ],0.504236
[-1.4559056 -3.6464152  4.299046 ],0.014198993
[ 0.9128833 -0.8882197 -0.9187373],0.5160446
[-0.86698204  0.6999134  -0.90393645],0.5853946
[ 0.05001216 -0.07437311 -0.8191932 ],0.9480787
[ 1.3134471 -1.5746968 -2.5298512],0.19800575
[-1.2485465  0.8690071 -2.404316 ],0.33583057
[-1.5356927 -1.0768951  0.8900377],0.42482263
[ 2.1953475 -3.3864474 -0.7929688],0.14742815
[-2.1066492  1.9366536 -1.4362459],0.14446184
[-2.2679641 -1.5695713  1.8597156],0.1370814
[ 2.7610989 -1.0006565 -1.6746942],0.10519561
[-2.8941107   2.8163261   0.42649683],0.22522576
[-0.9203241 -1.4111282  3.4768705],0.06506413
[ 1.2911867  -0.55291855 -2.1058226 ],0.38131803
[-0.11818387  0.40488467 -0.87724525],0.8381759
[-0.06394906 -0.275197   -1.0525557 ],0.9239877
[ 0.43955976  0.15564343 -2.1888897 ],0.8068127
[-1.3159056  0.865046  -1.3739804],0.407515
[-2.828072  -4.3222146  5.9302087],0.00076956954
[ 0.8874288 -1.3250324 -1.2812716],0.41222593
[-1.5696727  2.7865882 -3.855149 ],0.04838448
[-3.0891366 -0.8386651  1.3818539],0.2721913
[ 1.0125535  -1.3530613   0.06599548],0.6536474
[-1.2211967  2.5232704 -2.2182424],0.09868006
[-1.2847184 -1.3496097  0.8325845],0.42355338
[ 1.5965481   0.15513018 -2.2857578 ],0.45291764
[-0.673829   1.4701854 -1.2041845],0.372622
[-0.4360423   0.44997656 -0.80114233],0.76202154
[ 2.880348  -0.7359685 -1.9801123],0.10431877
[ 0.74134356  1.093879   -1.336134  ],0.79972005
[ 1.6671554 -4.2386637  2.4464476],0.6009148
[ 4.6762805 -4.0239315 -2.0719619],0.005839221
[-1.6910241  2.7377074 -2.1561701],0.063841
[-3.1949668 -1.6718665  4.5291624],0.010344851
[ 1.2317142 -1.7265409 -1.3473084],0.28577656
[-1.5229084  2.6303008 -2.5807877],0.069106326
[-2.9053142 -0.5626141  3.3437762],0.07066773
[-0.09408619 -0.8077923  -1.5835446 ],0.77885747
[-1.5141352  1.3914917 -2.6526299],0.18832733
[ 1.179546 -6.022902  2.872458],0.35242814
[ 0.60857046  0.7259908  -1.4384964 ],0.86902666
[-0.21712595  0.5791936  -0.38529012],0.8064156
[-1.5242156  -0.31359583  1.194255  ],0.49394992
[ 1.44809    1.1664586 -4.279043 ],0.7468262
[-0.05875518  2.3624551  -3.6641448 ],0.21781346
[-3.6820493  -0.69360554  3.5818818 ],0.049343202
[ 0.5949395  -0.38218543 -2.0170655 ],0.62963647
[-1.5491898  0.9926517 -1.0775541],0.3963682
[-1.4798032 -4.480833   4.6647468],0.009367131
[ 3.510335  -2.5781732 -1.9751865],0.02441993
[-1.43581    1.5137631 -1.2583909],0.2627313
[-3.5678003 -2.3780718  5.294101 ],0.0027258643
[ 2.8813536 -2.0305712 -3.2506084],0.034717087
[-0.36864343 -0.6012621  -2.206339  ],0.86250293
[ 0.00651988 -2.565021    1.2673645 ],0.50017554
[ 3.5168977 -2.116012  -2.9649246],0.01998848
[ 0.9962958   0.89269125 -2.907054  ],0.8125715
[-2.1928866  -0.30882505  2.9051888 ],0.13146335
[ 0.06742994 -0.32950714 -1.5562602 ],0.840191
[ 0.4113774   0.23230574 -1.9177806 ],0.84641933
[-2.249451  -1.7106955  2.9994462],0.049055886
[ 1.4594271  -0.33399126 -2.3704953 ],0.37370268
[ 0.26221648  0.1268811  -1.1691706 ],0.9097239
[-2.2020571 -3.3361764  5.347868 ],0.003119764
[ 0.80350137 -1.2184962   0.1648026 ],0.75453115
[ 0.02855986  0.39415863 -1.9615517 ],0.80051655
[-4.0700955 -1.0365024  4.9641137],0.010669393
[ 0.60578465 -0.9358711  -1.9142739 ],0.5011574
[-1.7364405  1.1701497 -1.4501357],0.28438205
[-3.5694125   0.09037204  2.725798  ],0.18476588
[ 2.6488726 -4.6182323  0.5928596],0.27676594
[-0.88305676 -0.5258863  -0.3581543 ],0.9584367
[-2.4213116 -4.813631   6.9860654],0.00023466873
[ 3.8739183 -1.7238166 -2.0921097],0.023835072
[ 1.2947094  1.4533217 -2.6085918],0.79584736
[-1.4573642 -3.3359015  5.2885685],0.0059083495
[ 2.3276346  -2.6371584   0.39403856],0.31695747
[-1.1088157  2.5034633 -1.4417617],0.13105202
[-1.1927509   0.26439747 -0.01061379],0.8787998
[-0.01814841 -1.4970707  -0.27088878],0.88203704
[-2.242726    0.21700379  0.12319823],0.8596449
[-0.66713136 -1.6429268   0.16897418],0.7232855
[ 0.9822239   0.13910505 -2.4170227 ],0.6269777
[-1.7383666   1.4539025  -0.03837329],0.4689128
[-0.60552377 -2.5522127   2.223858  ],0.17719188
[ 0.88390565 -2.3214314  -0.1897285 ],0.5728637
[-0.31942704 -0.771899   -0.91608644],0.90132225
[-3.0089211 -1.3708158  2.2128954],0.10037477
[ 2.315461  -1.9785615 -2.3029592],0.07482441
[-1.1473197   0.59863853 -0.656195  ],0.63381946
[-2.0968106 -5.1185646  6.721958 ],0.0005708371
[ 1.1588057 -2.8797123 -0.2980016],0.4444799
[-1.5704194 -0.4722856 -1.036365 ],0.8439113
[-4.0025225 -1.5286686  5.133827 ],0.005996455
[ 0.47520244 -0.877403   -0.844742  ],0.6616856
[ 0.04844978  1.4666183  -2.9222903 ],0.44547915
[ 0.6952986 -3.3302097  1.2004598],0.69484055
[ 0.6425312  -0.2540944  -0.79586685],0.7423806
[-2.0657551  2.4817605 -0.9343649],0.12562865
[-0.71711266 -1.3262604   1.67455   ],0.30874288
[ 0.79862994 -0.14747502 -1.5418143 ],0.65552986
[-1.7974832  1.958744  -1.9349778],0.12428512
[-1.2960811 -1.3348589  2.1560502],0.16385993
[ 0.40215608  0.09165543 -2.199752  ],0.80149376
[ 0.15052237  0.86911666 -2.8662732 ],0.6507411
[-3.4096375 -1.5938988  3.572091 ],0.02513359
[ 2.4131012  -0.39366198 -3.3491664 ],0.16641255
[-1.0502448  3.0956306 -3.2945166],0.05817991
[-2.7482305 -0.6549784  2.3756118],0.14880624
[ 3.093574  -1.5025545 -1.9739424],0.055230964
[-0.9628613  2.0694623 -2.2128558],0.16706657
[-2.1165223 -0.9193642  2.9467807],0.085520744
[ 1.099438  -1.2414937 -0.9795783],0.41355667
[-0.70367545  0.78930926 -1.5919255 ],0.52302444
[ 0.09171104 -2.7568133   2.8461423 ],0.17438501
[-0.51825696  0.6368592  -1.4562255 ],0.62416023
[ 0.26935613  1.1881055  -3.4426787 ],0.5756953
[ 0.00648161 -4.7828236   1.966976  ],0.29724097
[ 1.3585243 -2.6470282  0.2929866],0.5473423
[-0.46670035  0.09110889 -0.89270043],0.8540909
[-0.05742497 -1.6739485   0.47935247],0.7705616
[ 1.254046   -0.77252996 -1.1346024 ],0.41783276
[-0.5842294   0.3714352   0.14380342],0.9229191
[-1.8969892  -0.24219203  0.70169413],0.6389731
[ 1.7861012 -2.2044609 -0.759732 ],0.23528135
[-0.3311411 -0.1338139 -1.1833788],0.9227294
[-2.0773895 -2.8145626  4.295306 ],0.010557334
[ 0.64818436  0.59878623 -3.098443  ],0.8289462
[-1.1783701  1.897187  -2.2483175],0.16708755
[-2.0685277 -2.893114   3.4688218],0.021906855
[ 1.190167   -1.927577    0.25095567],0.61246455
[-0.32261467  0.569247   -1.0462949 ],0.7273283
[-0.75666595 -2.6254878   2.2328103 ],0.15763825
[ 2.3810153 -2.2540376 -2.449903 ],0.058541715
[-1.7783918  -0.23265782 -0.97100526],0.7684809
[ 0.4185756 -3.3865588  1.9651753],0.39899582
[ 4.1147947 -3.0309675 -1.9439096],0.012847367
[ 0.36527967  0.18248923 -1.9693843 ],0.8452763
[-1.0401763  -1.4707056   0.85258627],0.44777748
[ 0.57599956  0.8144833  -2.2442012 ],0.8007318
[-0.50972205  1.1649507  -1.003722  ],0.50424373
[-1.3695754 -4.0156927  4.938426 ],0.008235439
[ 2.8857439 -2.7138467 -2.6632586],0.02798185
[-0.6698422  1.1088965 -3.171705 ],0.36325395
[-1.0272408 -1.8407207  1.2389227],0.3226635
[ 0.0484435  0.8864293 -2.1467054],0.6434162
[-1.5040576  2.042711  -1.0676054],0.189157
[-2.4394932 -1.280737   4.23022  ],0.020706473
[ 2.3896446  -2.1149142  -0.92152995],0.13513485
[-1.2396523   0.59386146  0.38116825],0.8671866
[-1.5849032  2.0844452 -1.5618819],0.14126685
[ 0.5504382  0.9191288 -2.958335 ],0.7439425
[-0.35958853  0.41355816 -2.2198362 ],0.6811073
[-0.53214884 -3.1525779   2.7898395 ],0.112416565
[ 1.130199  -3.0553873  1.3858266],0.76472956
[-0.02079621  0.9548577  -1.1990303 ],0.6620927
[ 0.19900338  0.13155457 -0.5282217 ],0.96657383
[ 0.5719491  -0.84944177 -1.1699883 ],0.59902334
[-2.2444975  2.8540926 -2.2148507],0.042899165
[-2.6563182 -2.6823578  4.6981397],0.0054733916
[ 0.92288285 -1.7515363  -1.3467016 ],0.35248315
[-0.6125696  1.4605619 -1.5830189],0.3576203
[-0.21070106 -1.1850108   0.46068132],0.7755785
[ 0.69599324 -3.2223477   1.659763  ],0.55948114
[ 0.5871288  1.0538039 -2.1285446],0.7371739
[-0.24649097  0.08246814 -0.74372447],0.9113822
[ 0.69870836 -0.12382451 -1.1097766 ],0.72677803
[-1.5047761  2.521631  -1.2735531],0.1166958
[-0.13471588 -0.0503835  -0.5309251 ],0.97528535
[ 2.308599  -2.3984845 -2.177622 ],0.06586383
[ 1.6658493 -1.5460712 -2.6643357],0.14850062
[-1.6642373 -1.4907163  1.9667068],0.15600947
[ 0.70235384 -2.4300544  -0.06315037],0.65856075
[-1.4217808  1.167073  -1.066815 ],0.3654322
[-1.1866575 -1.0785304  1.2756026],0.35906914
[ 2.973193  -2.4925025 -2.1280427],0.036935687
[-0.37577838  0.87946415 -2.982581  ],0.50072366
[-0.60284996 -5.513244    5.643425  ],0.008119128
[ 3.6701214 -1.1056827 -4.6732225],0.031203192
[-0.09371262  2.5286725  -4.1911583 ],0.18459353
[-2.9023316 -2.1114252  3.866286 ],0.014893723
[ 1.8554902 -2.0453863 -1.9342453],0.12205296
[-1.9839911  1.102977  -0.7697055],0.39254123
[-0.444594  -2.957834   2.1398637],0.20322783
[ 1.9516901 -1.8914592 -1.642308 ],0.13654129
[ 0.8011115  0.6369114 -1.9651735],0.8299703
[-1.317573  -1.9765524  2.3415513],0.11490643
[ 1.2189072 -3.1897507  1.4586644],0.76642215
[-1.3134979 -1.686366   1.8732811],0.1814979
[-1.0473288 -0.9545268  1.3584254],0.37057573
[ 1.0846214  -2.0087614  -0.55727214],0.4403448
[-0.7916761  0.6793057 -1.4511348],0.5499109
[-0.8560662 -1.7934244  3.0710099],0.08590428
[-0.830521    0.06796677 -1.8707699 ],0.69795156
[-2.0353558   0.0101718   0.16043575],0.8599895
[-3.3688424 -2.076256   4.6472573],0.006657922
[ 1.0103106   0.21316756 -2.6098907 ],0.63224363
[-0.4183156  0.8143494 -0.9633701],0.6355151
[-1.2497361 -2.7338204  2.898311 ],0.06399438
[ 0.6058755  1.4110175 -2.361768 ],0.6255717
[-1.5385416  4.6649094 -3.5075846],0.009672292
[-4.0389132 -1.5523688  5.1890793],0.005560358
[ 0.47192284 -0.02772916 -1.6318774 ],0.78287446
[ 0.82629514  0.12789565 -2.089062  ],0.68623793
[-3.0054398 -1.1218121  3.391176 ],0.04414128
[-0.83547175 -0.8537619   0.8592978 ],0.5489316
[ 0.538168   -1.241313   -0.84648687],0.6027348
[-2.4324472 -3.0163176  6.257519 ],0.0011123737
[ 1.5566919   0.20193556 -3.4362795 ],0.45150447
[-0.6538711  0.935719  -1.1253562],0.53186345
[ 1.3873053 -1.9017795 -0.623024 ],0.35441238
[ 0.58415604 -0.1729522  -1.695162  ],0.70723265
[-0.4772938  0.9017365 -1.7472813],0.5283423
[-1.3025442 -2.4070313  2.8910623],0.06611122
[-0.31316447 -0.39656696 -1.3954035 ],0.942668
[ 0.68928087  0.5855118  -2.047366  ],0.8454647
[ 0.02737162  0.5061407  -1.1025685 ],0.82277524
[ 0.98245895  0.55438745 -3.2882984 ],0.720304
[-0.39495292  1.8283086  -3.3943114 ],0.2583431
[-0.9102274  0.6167337 -1.3980805],0.54926205
[ 2.1407225  -2.7502868  -0.94175917],0.14748248
[-0.43404502  0.5708482  -0.99785656],0.7061396
[-3.2062607   0.00419399  2.5240495 ],0.20513849
[ 1.2892014 -0.7234551 -2.2698863],0.34051925
[-0.3790241   0.12252049 -1.558565  ],0.81213987
[-1.7810925 -3.6555655  4.9191713],0.0061712977
[ 3.2443495 -2.3040726 -1.8756064],0.035577904
[-1.6876093  3.9948156 -3.9687445],0.015025431
[ 0.50746965 -4.8808036   4.9857283 ],0.0392587
[ 1.0788525  -0.58415854 -0.527192  ],0.5712143
[-1.4941726   1.3057451  -0.71938205],0.38324702
[-2.204016 -0.756585  3.201976],0.075602666
[ 0.2935721  -0.8373834  -0.53038335],0.78614414
[-3.3556988  1.9407513 -0.8215299],0.1769092
[-3.194298    0.20273219  3.4277148 ],0.11683405
[ 3.2357092 -3.4400132  0.0243745],0.117846504
[-0.3541709  1.1393547 -0.7310418],0.57078695
[-1.6131716 -3.8854518  5.9433517],0.0025665362
[ 1.3197646 -1.9108298 -0.3167197],0.43402192
[ 0.1793806   0.43035978 -1.5712247 ],0.8481804
[-0.40720418 -1.8030726   1.3943923 ],0.40046927
[ 0.0891884   0.06485588 -0.74729276],0.96833766
[ 0.13610761  0.33942685 -1.2776381 ],0.8832371
[-0.80984753 -3.4411902   2.5489213 ],0.109001346
[ 1.1760817  -0.5372884  -0.44799015],0.56208444
[-1.0734918  2.0416105 -0.8332187],0.23918806
[ 1.2852647  -0.9890131  -0.17705537],0.5388358
[ 2.9220996 -1.3031372 -3.0465841],0.057605874
[ 0.1753285  0.4195509 -2.248943 ],0.8147353
[ 1.1299053 -5.0978484  3.1452177],0.28331912
[-0.33473134 -0.18847889 -1.7386113 ],0.8996811
[-1.0663978   0.71866906 -2.140661  ],0.4248268
[-1.5173906  -0.39898077  0.19502193],0.7883031
[ 1.3338696  -2.5954838   0.00856709],0.4806357
[-2.4533114   2.100341    0.12979527],0.31692538
[-1.392248   -0.14431101  0.25957105],0.8365973
[ 0.12814134  1.6151513  -3.7114477 ],0.41395476
[-1.3350434  3.42681   -4.408649 ],0.03221953
[-3.8324049 -3.7555988  6.4139686],0.00014850915
[ 1.8941548   0.28347138 -3.312566  ],0.38515094
[ 0.9883852  2.6188824 -3.3912516],0.3735631
[ 0.59737563 -0.6181834   0.01756256],0.831197
[ 2.5674798 -1.3501735 -1.5756102],0.105764724
[-1.2875648  1.692602  -0.8416747],0.29010165
[-2.3791242  -0.49083933  3.3539875 ],0.07806066
[ 0.40918252 -0.94746614 -1.3260748 ],0.6131755
[-3.0779433  -0.21498582  2.127915  ],0.23831213
[-2.9320674 -2.122044   3.8765607],0.014539048
[ 2.4005237 -1.6538228 -2.265427 ],0.08389539
[-1.3819972  1.5902257 -1.9878751],0.20117329
[-0.14551626 -2.7197678   1.2822878 ],0.45268428
[ 3.0723212   0.13669616 -4.0916533 ],0.14413437
[-0.47472307  1.7537128  -2.0770333 ],0.29041374
[ 0.03174641 -4.310853    4.1206727 ],0.05547828
[ 0.50961304 -0.38577977 -1.2026533 ],0.71793836
[-1.2352287  1.2830095 -0.7332111],0.40779138
[-1.1895227 -2.6820648  2.888721 ],0.067812055
[ 1.0224994 -1.1595778 -1.3749477],0.39132607
[-2.2989445   1.084036   -0.24827178],0.49856603
[-1.1624957  -1.4326363   0.93472916],0.407961
[ 0.47827166 -0.51138735 -1.4083824 ],0.68073314
[-1.6202887  1.934304  -1.7876371],0.14470764
[-1.1457266 -2.2926445  1.9140843],0.16664186
[ 1.3010321  -0.47313344 -1.8036859 ],0.4114416
[-0.2959935  -0.34795183 -1.1414362 ],0.9628375
[-1.8405092  -0.12272245  0.66526115],0.68479264
[ 1.3838477   0.23215836 -3.6080956 ],0.5057509
[-1.1011215  2.0329278 -2.0064745],0.16518089
[ 0.21100502 -0.69884455 -0.54214644],0.819782
[ 2.6391356 -2.2808328 -3.053716 ],0.038268544
[-1.4708827  1.200862  -2.3480835],0.23728225
[-3.5579114 -4.0846467  6.1599264],0.00026961043
[ 1.4706635  1.3267071 -4.1987014],0.7840647
[-1.4838291  2.821198  -2.896915 ],0.05664287
[-3.3899293 -3.2778733  5.195219 ],0.0017349765
[ 1.7538579 -1.5614594 -2.436683 ],0.14395943
[ 0.00723134  1.3992352  -3.2459247 ],0.44716808
[-0.2702657 -3.5779002  1.6223791],0.32218248
[ 1.0744146  0.6223397 -2.762694 ],0.72213364
[-0.6250179   0.98564065 -1.4995296 ],0.4891336
[-0.45858204 -0.9737221   1.0275573 ],0.5590807
[-0.35845917  1.1094759  -2.369402  ],0.46125513
[-1.720524   1.0788015 -0.6120685],0.44844726
[-4.594058  -0.7499763  4.275412 ],0.024856726
[ 0.5226396 -1.3290105 -1.230096 ],0.52252114
[-0.05644146  0.07125632 -1.5765778 ],0.8972522
[-2.7421079 -1.2353151  2.9099267],0.06390904
[ 2.2641528  -3.8262513  -0.57250386],0.16028067
[-1.790938    0.94956684 -1.6117237 ],0.30542275
[-3.2177236   0.48332536  2.3760128 ],0.31798482
[ 0.0616936  -0.10799088 -1.7174889 ],0.88001025
[-0.10836702  0.17524087 -1.3517946 ],0.8720704
[-1.8674669 -4.2804646  5.220721 ],0.0040175626
[ 3.4284353  -4.3579125  -0.13352536],0.08663067
[ 0.6259703 -2.3314815  1.0966431],0.7279365
[-2.4673512   0.18125716  2.1240802 ],0.3217028
[ 1.6055366 -2.6571274 -1.1559204],0.1980027
[-0.6052228   0.48986998 -1.786     ],0.6236162
[-0.6496575 -1.8704826  2.3126602],0.17744868
[ 0.8288509  -1.9924332  -0.98194426],0.4223023
[-2.5824099  1.1394131 -0.4435107],0.42451537
[-0.3922548 -2.8778706  1.3063282],0.38349086
[ 1.4701414  2.0042179 -4.119925 ],0.6739357
[ 0.1970171  2.0485253 -2.7237487],0.3372035
[-0.37909257 -3.4891407   3.9273467 ],0.04775519
[ 1.5877292 -1.501218  -1.3943733],0.22984067
[-1.4405458   1.1234765   0.08668578],0.6175432
[ 0.2629764 -0.9942837 -0.6240949],0.7612277
[ 3.0961626 -2.4390705 -2.493982 ],0.028274423
[ 0.18520063 -0.37547812 -2.0117717 ],0.76183224
[ 0.44876444 -3.1306703   1.6966959 ],0.48191163
[ 2.1586263  0.7213409 -4.5695887],0.4180516
[-0.08067586  3.109138   -4.5814867 ],0.11702684
[-2.802899   -0.45530108  2.5777419 ],0.14501274
[ 1.939135  -2.9831848  0.2559159],0.37197313
[-0.65655524  1.7395502  -3.0490353 ],0.23643214
[-1.3167543 -3.9487827  4.738199 ],0.010404463
[ 2.1514702 -1.8890327 -1.3076003],0.1379987
[-1.1173301  1.0436536 -1.0339106],0.4322238
[-3.2458036 -2.238458   5.4272957],0.002871359
[-0.70457894  0.75207305 -0.27838117],0.71126133
[-3.0595675   1.4026393   0.50589067],0.58463347
[-2.461939   -0.34491763  2.6699557 ],0.1503164
[ 0.06169016 -1.4243972  -1.9352334 ],0.5595212
[-1.7672787   0.29998788 -2.0260298 ],0.41698056
[-3.7719555 -2.3513527  3.7733877],0.011295828
[ 0.38417387 -0.3261685  -0.82858497],0.8032563
[-2.5576973   3.056991   -0.50915784],0.09670009
[-4.019064   -0.17678022  5.4866796 ],0.014064395
[ 0.21284376 -1.091212   -0.11326535],0.8788222
[-0.45986044  0.7377485  -1.8537527 ],0.57573086
[-0.7690375 -2.7749333  2.5954976],0.11469433
[ 0.8026494   0.61826015 -2.9336126 ],0.79550993
[-1.567845   1.9320443 -2.3601801],0.1264846
[-0.3142016 -2.6606286  1.6124549],0.33238104
[ 0.30449733 -1.2438779  -0.31082845],0.79633915
[ 0.12895626  1.0800052  -2.6504107 ],0.58636916
[-1.2565371 -2.1578152  1.5869336],0.20727547
[ 2.1104226 -1.9022436 -2.0531223],0.10031401
[-1.4507127  2.1578786 -2.3028653],0.114099175
[ 0.48741356 -3.6870532   1.6241841 ],0.5063974
[ 1.801417  -1.3673729 -1.8232636],0.17978245
[ 0.7717893   0.51273537 -3.0033    ],0.7753433
[-2.3634603 -1.5428897  2.4670131],0.08241696
[ 2.0214634 -0.5615876 -2.741253 ],0.20919797
[ 2.0398152 -0.6052458 -2.0862858],0.2171077
[-1.0083752 -2.7393253  3.001205 ],0.069337144
[ 2.3414507 -1.8132467 -1.6291617],0.10267437
[-0.41165558  0.83766365 -1.375408  ],0.5920817
[-0.50296915 -1.6282386   0.5871818 ],0.6295267
[ 2.163816  -2.3948495 -1.4300549],0.11253303
[-0.5431379  1.7457738 -2.748811 ],0.2599955
[ 1.1243917  -3.6035159   0.96395725],0.78650326
[ 1.3593028  0.0644529 -2.3893397],0.49409023
[-0.13970107  1.2890203  -1.5510212 ],0.504012
[-0.5793552 -2.0593116  1.5902725],0.30797276
[ 0.94664764  0.05383376 -1.930905  ],0.6364403
[-0.66215855  1.2346987  -1.418884  ],0.41818208
[-1.3489059 -0.3194928  1.4931269],0.42047814
[ 1.7450044 -1.6518755 -2.0554004],0.15247825
[ 0.28246    -0.39735904 -2.0385718 ],0.72399676
[-0.36861005 -1.3514562   0.10073347],0.8367597
[ 1.6237177  -0.75380504 -1.6008447 ],0.29618996
[ 1.7670677  -0.35890514 -2.645162  ],0.29045135
[-0.553916 -3.062189  3.000018],0.09364229
[ 1.4346359 -0.7654946 -1.9838126],0.31372482
[-0.9927321  1.5084611 -1.8683026],0.2692792
[-3.5015738 -1.0784603  3.449475 ],0.04120876
[ 1.7255548  -2.0984955  -0.16730955],0.35321513
[ 1.0095143  -0.01778949 -2.302807  ],0.5805224
[-0.08778484 -4.817046    4.8985763 ],0.02532917
[ 1.4295331 -1.4400805 -2.0820544],0.21564016
[ 0.05355967  0.22888133 -1.9150859 ],0.85714185
[-1.4923289 -1.3650597  1.9972942],0.17068017
[ 0.71161324 -0.38123754 -1.4021242 ],0.63710344
[-0.43235326  0.4435309  -0.8850971 ],0.75705516
[-2.935933   0.8903389  0.8441547],0.8281675
[-0.4639675  1.7389416 -2.6675653],0.27682287
[-1.4322859  2.423088  -2.1203876],0.09699666
[-1.923521  -2.641317   3.6695366],0.021464055
[ 2.078964  -1.3237154 -2.881035 ],0.11789223
[-0.5353788  0.5571147 -1.7059534],0.6252339
[-1.5004297 -1.540033   1.6262538],0.21060538
[ 2.078792  -1.4964601 -2.1481469],0.12328364
[-0.16208597  1.5566632  -2.731437  ],0.3762922
[-1.3597074 -1.8715258  2.9088192],0.072104186
[ 0.34925497  1.3221098  -2.584876  ],0.57535636
[-2.2974794  4.5039415 -3.404564 ],0.006445681
[-2.4173105 -1.0958977  2.700188 ],0.08857775
[ 2.0420423 -0.8972373 -2.075398 ],0.18209587
[-1.7887732  1.010703  -0.1205572],0.57903194
[-2.7377322 -1.1914763  4.014046 ],0.025259007
[ 0.4514161  -0.76890135 -1.5943867 ],0.6131973
[-0.8651875   0.21170978 -1.4362473 ],0.6825508
[ 0.55078936 -1.6956929  -0.15808362],0.7215701
[ 0.99349916 -1.6171955  -1.014947  ],0.40122697
[-3.195189    1.4482633   0.57691085],0.5889485
[-1.3443722 -3.4872568  3.7824106],0.02502803
[ 0.01496122  0.33958322 -1.4603721 ],0.84427357
[-1.029706   1.8998224 -1.9759214],0.19213453
[-1.0620999  -0.66025126  0.91406566],0.54349697
[ 2.5071297 -3.1708467  0.204879 ],0.23985104
[-0.4622808  1.3838516 -2.1984386],0.37237853
[-1.27381   -5.1499453  5.398492 ],0.0055473503
[ 1.3852215   0.80927336 -3.3909156 ],0.67161953
[-1.1706744  3.0304143 -3.3604152],0.05579238
[-1.0215049 -2.7765188  4.707656 ],0.015321829
[ 1.1023084 -0.8983635 -1.3066633],0.4204166
[-0.49409914  0.77721596 -1.4135847 ],0.5888833
[-2.2995327 -1.0808985  2.4573581],0.11178194
[ 1.002161  -1.7531632 -1.2009842],0.3563509
[-2.0053234  3.3176706 -2.5981917],0.028280044
[-1.6425811 -5.2919607  6.446963 ],0.0013420788
[ 2.3723774  -2.6731157  -0.55601925],0.16098446
[-1.8116512  2.8282425 -1.7966447],0.06313075
[-1.1623927 -2.663977   3.7110775],0.034091294
[ 0.74158293 -2.2515438  -0.5618134 ],0.5249653
[-2.5998836   0.66167843  0.44747388],0.8002107
[-1.810895  -2.0442073  3.9563165],0.021509402
[ 0.32867083 -0.6022148  -0.6690117 ],0.7760564
[-1.2883221  2.1049967 -1.9069381],0.1440433
[ 0.36553216 -2.0323284   0.9584503 ],0.7110152
[ 0.06728963  1.3308814  -3.3923247 ],0.47931382
[-1.8911961  1.5094906 -1.2861656],0.23011781
[-1.4754688   0.43918803 -0.8472431 ],0.6104371
[ 0.8389399  -0.36494002 -0.46583584],0.6901259
[ 0.40789285 -1.0112944   0.99281806],0.7688881
[-0.97653115 -0.75034404  1.4601821 ],0.38307258
[ 1.4274853 -1.194759  -1.0682653],0.3244332
[ 0.03675656  0.81375015 -1.1446083 ],0.7256367
[ 1.0153121 -4.346575   4.817645 ],0.06993038
[ 1.5059817e+00 -9.5591879e-01  5.9575378e-04],0.5137119
[-0.7675885   1.7522582  -0.78597325],0.329023
[-1.5807647  -0.32787877  2.8290818 ],0.15125792
[ 1.6970115 -1.296006  -1.7486955],0.20610039
[-0.76223624  2.3265374  -3.522845  ],0.13454655
[-3.3008988 -1.5571579  5.202892 ],0.005942503
[-0.46424195  1.2498872  -1.5595291 ],0.4428714
[-0.04720582 -0.48838684 -0.5985535 ],0.90600187
[-0.37857595 -2.0643256   1.186618  ],0.44903618
[ 3.9046817  -3.8990061  -0.80345905],0.033732675
[-0.25483093  1.3855506  -2.6991482 ],0.3994677
[-2.806371  -1.1868591  3.8190796],0.029778639
[ 2.3143466 -2.8717403  0.8278639],0.41561842
[-3.9786792  3.4966877  0.6120309],0.14920366
[ 1.2179576  -0.72950625  0.2681433 ],0.68498015
[ 1.0426041  -0.51766884 -1.3623723 ],0.5064827
[ 2.8048918  -0.89642274 -2.939831  ],0.0864643
[-2.6929412 -2.5775738  4.1757073],0.009230573
[ 1.7402639 -2.31695   -1.5927739],0.14713624
[-1.6669993   0.2326151   0.28649276],0.89440393
[-0.24571642 -2.0266206   1.2547765 ],0.4625103
[-0.13286261  0.05624329 -0.5538045 ],0.95044285
[ 0.02645398  0.68821657 -1.1747818 ],0.7607164
[-0.91481143  0.06535819  1.0070851 ],0.6890438
[ 2.88921   -3.076346  -1.4932525],0.051534697
[-0.5772257   0.48790687 -1.4059795 ],0.66248864
[-4.247694  -1.9560189  6.400678 ],0.0010888018
[ 0.8366097  -1.9966332  -0.49052435],0.5285577
[ 0.3871652  -0.42179158 -2.708628  ],0.6484007
[ 1.0937524 -4.050448   2.441786 ],0.4420266
[ 0.11434248 -1.7906028   0.36995992],0.8377477
[-0.38471448  1.3553507  -2.3265448 ],0.39071333
[ 1.0901918 -1.0452769 -1.8946602],0.35065553
[ 0.8911785  -0.20750129 -2.8214545 ],0.5467938
[-1.1099075  -0.07086752 -1.365395  ],0.72531974
[-3.1297243 -1.8835057  3.7518368],0.018190656
[ 2.799045  -1.0891211 -4.5849934],0.06716276
[ 0.21019962  1.3172917  -3.323011  ],0.5229436
[ 0.21138734 -2.2386935   0.99724054],0.64881116
[-0.21151827  0.02647442 -0.06438802],0.98199296
[-3.0582721  3.4685137 -1.2614484],0.03696916
[ 0.09390009 -2.4949057   2.2778385 ],0.2722959
[ 1.3840585  -0.00971652 -0.9990514 ],0.5449612
[-2.261706   1.1782495  0.8789462],0.77315325
[-1.0524101   1.1924577  -0.05885013],0.5889789
[ 1.9825743  -0.16136508 -2.8752863 ],0.27799252
[ 0.461282   1.7896043 -2.47017  ],0.47124255
[-1.0432876  1.0637861 -0.7563217],0.48257625
[ 1.4154721  -0.49655363 -2.151881  ],0.35968652
[-1.4765748   0.0631692  -0.49263698],0.8105667
[-0.66242445 -1.9687287   1.0921241 ],0.41813037
[ 1.8430289 -2.2490132 -1.6534613],0.13338995
[-0.41434154 -0.12610134 -0.8761744 ],0.9240099
[-2.8329701 -1.1072208  3.6007395],0.038057707
[ 0.3558371   0.63075554 -3.1723516 ],0.7705681
[-1.077343   2.1558614 -2.1189091],0.1482763
[-2.5855045 -3.1618986  5.573823 ],0.001987289
[ 1.6299623 -1.3440102 -3.185317 ],0.16011882
[-1.6969733   0.64466727 -1.3800216 ],0.42265767
[-0.36960742 -0.9683484  -1.0778931 ],0.86585
[ 2.8246837 -1.5931803 -2.6714432],0.054892782
[-0.3063668  1.2948965 -2.9688587],0.40380704
[-1.0672717 -3.613622   3.5418828],0.038026784
[ 1.4450428   0.32004973 -5.009049  ],0.50267965
[-0.46487954 -0.16816957 -2.0394115 ],0.8459246
[ 1.2142806  -3.4979715  -0.35220876],0.40277362
[ 1.4394066 -2.0566847 -1.803883 ],0.18000245
[-0.8612462  0.1965313 -1.7408957],0.6603645
[-3.0133088  1.6263845 -1.2241195],0.17759028
[ 0.06409322 -0.32867151 -1.9380716 ],0.8151505
[ 0.05833968  0.8759626  -2.7982683 ],0.62492985
[-2.5143797 -1.9740112  2.5190423],0.059074864
[ 0.8738476  -0.14314906 -0.81625366],0.69205
[ 0.18435153  0.6652303  -0.75257003],0.8368437
[-0.16028434  0.08689719 -1.2215894 ],0.89504385
[ 1.1591626 -0.6301043 -2.1998494],0.39452705
[-0.46663648  0.88584554 -2.4568763 ],0.49533197
[-1.350474  -1.6788968  1.7118481],0.20238376
[ 0.95801437 -0.6464077  -1.9318169 ],0.4609723
[-1.077172   0.9884292 -1.3115541],0.41983896
[-2.2364597 -1.5861921  3.388623 ],0.0377391
[ 1.8004076 -2.0139816  0.5898082],0.51385677
[ 0.3796364 -0.2321625 -0.2846305],0.8662417
[-2.0448017 -3.814987   5.7584224],0.0021303901
[ 4.057986  -2.8368423 -2.4490826],0.01043636
[-0.22515102  1.0774906  -2.7245727 ],0.4903487
[-2.61401   -1.9453582  2.8876011],0.042474005
[ 0.9385216 -2.7467132  1.0671797],0.80801666
[ 0.38404137  1.4729844  -2.8963695 ],0.5327443
[-1.6985114 -4.596475   5.651441 ],0.002999413
[ 1.4433273  -0.35332373 -2.2112155 ],0.37968147
[ 0.3185738  2.0461307 -3.8387666],0.3518179
[-2.9649656  -0.11432546  2.1306198 ],0.25630194
[ 2.6480155 -1.6277722 -1.6370183],0.08487641
[ 1.2571881  1.3776524 -2.4156792],0.8104842
[ 0.3582482 -4.8061614  4.6213446],0.047337666
[ 0.44819152 -1.3971896  -1.588876  ],0.4853328
[ 0.6822638  0.5791489 -4.5392733],0.7972269
[ 1.0642375 -4.320066   1.7850103],0.619915
[ 0.05634798 -1.4013023  -1.5817823 ],0.6028443
[-1.0832399  1.687149  -3.877157 ],0.17278318
[-2.5706208 -4.2595334  5.9275   ],0.0010118625
[ 2.8941588  -3.5968897   0.05858945],0.15813646
[-1.8905175   1.7740408  -0.21585602],0.3402686
[-1.5744753 -1.4172941  1.6494244],0.21231636
[ 1.3499446 -1.0300522 -1.8887297],0.29496354
[-1.5084249  1.4354117 -1.4072512],0.25526237
[-3.2886996 -1.3476101  4.5584793],0.012735029
[ 0.6380883  1.5827026 -3.781108 ],0.5598879
[-1.8919438  1.7186954 -0.8715936],0.24492903
[-2.7894602 -1.2164177  3.285063 ],0.046580255
[ 0.67963326 -0.3588004  -1.5026109 ],0.6446271
[-1.1831663  2.7696202 -3.1791928],0.070360705
[-0.7932779 -3.819819   4.9101224],0.013981681
[-0.01304141  1.0298107  -1.2003068 ],0.6398237
[ 0.43830264  1.2640707  -2.0284889 ],0.6357245
[-2.0651183   0.47998542 -0.2386675 ],0.7003411
[ 3.1034849 -3.7677326 -1.1446358],0.051662143
[-0.15933208  1.5114994  -3.498023  ],0.3735699
[-1.9297696 -0.88297    1.355316 ],0.31459522
[ 1.0942198   0.04894727 -1.3069952 ],0.62653184
[-0.49720305  1.9546435  -1.7477499 ],0.2602695
[-1.2616771 -4.863327   6.358947 ],0.002210845
[ 2.4594214 -1.141607  -2.280467 ],0.10782832
[ 0.50475276  0.6177697  -2.352864  ],0.83455086
[-1.6636875 -4.8049     5.7207623],0.0028597545
[ 0.8462358  -0.27775612 -2.8676026 ],0.53998065
[-0.43819287  0.41581142 -2.5124195 ],0.6441519
[-2.6448233 -0.9125979  2.1130238],0.15584198
[ 1.2267593 -0.7518443 -3.025248 ],0.32256022
[-0.3487256  1.2906016 -3.1106498],0.39170468
[-1.2691219 -0.7575121  1.7993146],0.28080988
[ 2.1157863  -3.967609   -0.20106141],0.23432457
[-1.1247696  -0.65725803 -0.57026947],0.97162676
[-3.8819933 -1.6727434  4.144773 ],0.013391832
[ 0.85182905 -2.3245482   0.12070569],0.6660645
[-1.6061455   0.8864294  -0.26089418],0.59489596
[-3.0138438 -3.3561838  5.1811013],0.0020962225
[ 1.54546    -0.46984026 -2.3076804 ],0.32801443
[ 0.6921475 -0.0435197 -1.5495372],0.71517193
[-2.660724  -1.68459    4.6157613],0.010581739
[ 0.41655254 -0.83174217 -1.2856306 ],0.63961583
[ 0.08609024  0.86873794 -2.5693557 ],0.6421881
[-0.26584792 -0.06848867 -1.883475  ],0.8717302
[ 2.4087832 -1.5877239 -1.9331815],0.095306404
[-2.2045245  2.7647014 -2.3063455],0.045480974
[-1.5735353   0.92037976 -0.66689926],0.49339274
[ 1.8314002   0.42177606 -2.8008447 ],0.44291145
[ 0.22981979  0.11521264 -1.3298393 ],0.9056096
[-0.7954954 -2.7241526  3.995415 ],0.03446289
[ 1.0729083  -0.8052635  -0.45136502],0.5637216
[-1.61049     1.3029569  -0.35552418],0.4476884
[ 0.31053782 -2.3938851   2.1243033 ],0.3501672
[ 1.5375589  -1.6759559  -0.67396414],0.3231988
[ 0.5221712  -0.03545178 -1.9873006 ],0.74386007
[-1.69476  -1.272911  1.788941],0.19716477
[ 1.6359826  -4.11941     0.90549487],0.618827
[-1.1523013  -0.31541303 -0.37831804],0.96133304
[ 0.14413771 -1.6156492   0.92323935],0.6850777
[ 2.8932629 -3.2932868 -0.8256553],0.081875816
[-1.5932785  1.8229468 -1.768988 ],0.1610555
[-1.7664558 -4.125415   5.3470364],0.0039398624
[ 0.25168633 -1.1054147  -1.2379293 ],0.6392624
[-2.9403949  2.5445626 -1.6290959],0.06453891
[-1.9413894 -2.2101562  1.3989941],0.16602293
[ 2.0602531   0.41709182 -2.7880197 ],0.38238287
[ 0.6316446   0.90597856 -2.8708892 ],0.77129346
[-0.13220519 -0.95017743  0.8518191 ],0.6894686
[ 0.88425946 -0.08259065 -1.982671  ],0.6175506
[-0.83155435  1.2924521  -1.9803582 ],0.3347249
[-1.7478768 -2.9298759  3.7032266],0.021733876
[ 2.9943488 -3.5833452 -1.3533286],0.04900003
[ 0.5959303   0.16299902 -2.821828  ],0.738412
[-0.26966685 -2.4455147   1.4075466 ],0.39832914
[ 0.42429486 -1.9607975   0.10862468],0.81109667
[-1.4147443   0.87955713 -0.46869493],0.56257635
[-0.9044049  -0.5736532  -0.07926106],0.87857693
[ 2.89628   -2.729514  -0.5531047],0.10508914
[ 0.4108675  0.7599093 -1.952636 ],0.7867522
[-0.0151701 -5.9662023  5.7981167],0.011988858
[ 1.3193955  -0.22938354 -1.5887109 ],0.4721798
[-0.06298419  0.87588596 -1.1215897 ],0.6834661
[ 0.80135006 -2.995871    1.8045154 ],0.5494572
[ 3.8614173 -3.6820402 -1.7502317],0.01663595
[ 0.71504754  1.7841427  -3.854339  ],0.52253497
[-1.9170243 -1.4673463  1.1788443],0.2673084
[ 1.1996039  -0.00378592 -1.9871877 ],0.5400654
[-0.3130459 -0.5982137 -0.1082921],0.9532498
[-2.5977669 -1.0371581  2.9376624],0.07321812
[ 2.0330696   0.27160254 -2.2189407 ],0.3677535
[ 0.01642784  1.2564923  -2.1550872 ],0.52068645
[-0.28085047 -3.0996332   2.6703517 ],0.14963952
[ 0.9804761  0.5397055 -3.6569488],0.7115052
[-0.8217094   0.28880233 -1.8576639 ],0.63021076
[-1.5222372 -1.9804182  1.665597 ],0.1770173
[ 3.8681703 -2.5978332 -3.4011247],0.009511309
[-1.5728117  1.110948  -0.9402593],0.3876803
[ 0.83598363 -2.4595356  -0.34989336],0.5395862
[ 1.5914893 -1.1122941 -2.3582335],0.21569617
[ 0.14521688 -0.16675963 -2.0745988 ],0.8210839
[ 0.5149609  -0.16515025 -0.45391726],0.82996535
[ 3.4710157 -1.9504652 -2.06802  ],0.030494556
[-0.8787476  2.844636  -2.4531667],0.09023235
[-3.4001336 -2.6597717  6.601593 ],0.0005045462
[ 1.7149289 -1.7514052 -0.9355003],0.24428718
[-2.2853866  2.7329636 -1.0681126],0.08994712
[-2.2608716 -2.230249   4.1435556],0.013511571
[ 1.6399188 -1.3733834 -2.0690095],0.19060968
[ 1.3775368  -0.22774747 -2.880524  ],0.40300506
[-0.81264484 -2.9788373   2.5851986 ],0.10974532
[ 3.5610065  -0.52834785 -3.969863  ],0.05672806
[ 1.6194378   0.73395956 -3.6014824 ],0.57806236
[-2.4613273 -2.3297465  3.8052084],0.016090322
[ 3.3186011  -4.6035395   0.34197623],0.13813539
[ 0.5972082  2.1378012 -3.9122546],0.3950451
[-0.81877196 -0.95440626 -0.23624773],0.8683772
[ 3.6023824  -4.342708   -0.07327238],0.078739956
[-0.923297    0.602399   -0.15952174],0.76483005
[ 2.0345278 -5.8531594  3.6195102],0.37786728
[ 0.71448195 -1.4502666  -1.8942434 ],0.37475252
[-1.7503166   0.10446686  1.6974726 ],0.43330565
[-1.4844677 -2.0678651  2.4233046],0.095554
[ 2.4424443  0.108832  -2.4009855],0.24544546
[-0.8009754  1.738737  -0.688447 ],0.34137487
[-2.0679426  1.2675123  1.3690842],0.8232925
[-0.170849    0.42311975 -0.9961232 ],0.8115989
[-1.060093   1.7985425 -1.425756 ],0.233651
[ 0.15402701 -2.2910259   1.8100322 ],0.39542475
[ 0.42176846 -0.8153205  -1.4410539 ],0.6263035
[-1.1413331  1.6921616 -2.7915   ],0.18328336
[-0.9059932  -0.06342498 -0.84226936],0.8200572
[ 1.6132853  -3.3460789  -0.19419394],0.3436404
[ 0.86618495 -1.0982007  -1.3775157 ],0.44274926
[-1.5453732 -1.7900941  1.5816993],0.19740477
[ 1.5652994  -0.64431083 -2.5062635 ],0.28514373
[-1.465522   1.5105544 -1.9791044],0.20541449
[-2.2998023 -0.817536   2.5273185],0.12503178
[ 2.8317263  0.1902473 -3.5884187],0.18328483
[ 0.3837907  -0.21346302 -1.1175545 ],0.8042301
[-3.2259173 -1.9190108  5.1063976],0.0049916203
[ 4.02625   -3.207416  -1.9678432],0.013178982
[ 0.28624463  0.9925351  -3.4690113 ],0.6387802
[-0.44273156 -1.9454815   1.7280879 ],0.3067271
[ 2.0468283 -1.3986256 -1.7757478],0.14783752
[-0.38253668  0.51906633 -1.3740216 ],0.7009872
[-1.7251064 -4.119372   5.5396724],0.003388825
[ 3.7609262 -3.8565614 -1.2155665],0.02737561
[-1.3174571  1.8387213 -2.3869576],0.15676855
[-0.22761294 -0.17763905 -0.28777397],0.99119353
[ 0.3518759  -0.31144416 -1.5054601 ],0.7607765
[-1.7304564  0.5437969  0.6767515],0.8531793
[-1.4730712 -2.7244616  3.6780286],0.027957436
[ 2.6505659 -0.5780343 -3.333505 ],0.1202193
[-0.5480005  1.5487763 -2.5093887],0.30571607
[-1.9791727 -3.921003   5.1754417],0.0039664377
[ 1.9547706 -1.5807586 -0.6577311],0.2456484
[ 0.70384693  1.2717245  -3.0160449 ],0.6809323
[-1.1353295 -1.5387359  2.7068164],0.10633382
[ 1.6161325 -1.1721458 -2.0318723],0.21813573
[ 0.12309197 -0.62008095 -1.2603799 ],0.78134894
[-0.2533161 -3.198975   2.65835  ],0.15330108
[ 1.9584298 -0.7223244 -3.765315 ],0.18274257
[ 0.12819871 -0.00867546 -2.8815293 ],0.82746696
[-0.77759063 -3.1513493   1.9127907 ],0.18940094
[ 0.46643668 -0.56112206 -1.2028083 ],0.69160056
[-1.0242814  1.8704641 -1.431976 ],0.22479667
[-1.1235751  1.1625488 -0.5819008],0.47932526
[ 3.0949793 -1.38429   -3.0474215],0.046835955
[-0.94794863  2.4946704  -3.107906  ],0.10584813
[-3.3576078 -2.0602746  4.682335 ],0.0065334844
[-0.01985465 -0.6754619  -0.5681437 ],0.8792038
[-0.7617914   0.49537483 -1.0303154 ],0.65588117
[-0.59650016 -1.7114434   1.5081458 ],0.34118646
[ 0.02510348 -1.758011   -0.4724381 ],0.8055472
[-2.663721    0.01145448  0.5378186 ],0.72050834
[-2.1167765 -3.913912   4.6944623],0.005618258
[ 3.5689597  -0.87993884 -2.8944142 ],0.045931652
[-0.712891   2.8485699 -2.6134946],0.09873695
[-2.7538495  -0.22654311  1.9602736 ],0.27289456
[ 1.536364   -0.40162894 -2.1339197 ],0.35014498
[-1.0961921  2.4259284 -1.8839146],0.12435967
[-1.2293152 -2.0738292  2.5093715],0.10270169
[ 2.1224496 -2.0069416 -2.1881306],0.09011954
[ 0.53391474  0.02509793 -2.4451256 ],0.7338592
[-2.2361665 -5.4780536  7.5801086],5.385681e-05
[-0.15881169  0.69847345 -1.2786099 ],0.7047528
[-1.632703    1.1677574  -0.05851363],0.5552087
[-2.590422 -2.06544   4.056598],0.014148105
[ 2.5295928  -0.50409484 -3.3516269 ],0.13988508
[-0.6019922  3.4580827 -4.204317 ],0.057846576
[ 0.9361399 -6.691507   6.237651 ],0.01893124
[ 1.7238212  -0.24812216 -2.326859  ],0.3297242
[-1.2981513  1.9323108 -2.4009123],0.14676522
[-2.1947362 -0.9198755  2.675644 ],0.10551834
[ 0.05238975  0.6965828  -2.4584181 ],0.6904795
[ 0.00536023  2.1624796  -3.833878  ],0.2628495
[-1.6961402 -3.291761   4.7313976],0.00829557
[ 2.0428064 -2.1116476 -0.4709462],0.23434144
[-0.10077411 -0.9779192   0.2849397 ],0.86918944
[ 0.25064185 -5.8493996   6.1339574 ],0.011243874
[ 0.16167699 -2.315341   -0.20620763],0.79347503
[ 0.173679    0.17453393 -0.9201104 ],0.9573266
[-0.50863284 -2.9451947   2.6482332 ],0.13033134
[ 1.4634093  -0.07389793 -0.8272234 ],0.521223
[-1.7590301   0.09744667  1.2548707 ],0.5604428
[-2.2254004 -4.3743534  6.422273 ],0.0007825867
[ 2.8697462 -2.084078  -3.177085 ],0.034375124
[-1.6046357  2.0430462 -2.9073055],0.10055326
[-1.6519837 -3.6738656  2.739549 ],0.048222903
[ 0.45656145  1.6195214  -2.4769175 ],0.51869106
[-0.56318706  0.4692072  -0.57437855],0.7512677
[-0.97190964  1.0093787  -0.97460645],0.467563
[ 3.113747  -3.530529  -1.5664629],0.037798513
[ 0.86554617  0.02804986 -3.2173626 ],0.6087868
[-2.0087264  -0.89180326  1.6668472 ],0.24622156
[ 1.7863762  -1.8439965  -0.86789984],0.23554733
[-1.571994   1.1683942 -0.2545989],0.51184714
[-1.7048345 -2.2593002  3.3033412],0.037705213
[ 1.2877349  0.54387   -2.995968 ],0.6311551
[ 2.1002417   0.26900104 -4.1602383 ],0.32653722
[-2.8107672 -1.5861392  3.0243688],0.04509526
[ 1.8672893 -2.3744383 -1.0430479],0.18125612
[-1.0217414  1.7352586 -2.5057032],0.19920218
[-2.6874547   0.36587384  1.431798  ],0.5444418
[ 1.0602514 -0.9982517 -1.1855909],0.42648914
[-1.188411   1.6862242 -1.4785519],0.23581548
[-3.3127205 -1.3054098  4.982726 ],0.008905628
[ 1.5009526 -1.0832639 -1.601849 ],0.27482677
[ 0.89364564 -0.4057681  -1.055132  ],0.60432726
[-0.5957272   0.50931257 -1.1854225 ],0.6717998
[ 2.121884   -2.4186213   0.91123724],0.49650732
[-0.3677084   0.35245517  0.03445197],0.9200541
[-1.9920624 -3.277727   5.906406 ],0.0021183495
[ 1.8458785 -2.1762252 -1.0902538],0.18578531
[-0.7720791  0.9829744 -1.7161185],0.44243765
[ 2.1045906e-03 -5.1722507e+00  4.4078679e+00],0.04186236
[ 2.9018536 -3.4955437 -0.9097161],0.07507411
[-1.1083753  0.7884097 -1.1403462],0.48817486
[-2.351487  -1.7592002  3.2152045],0.038395114
[ 1.1825666  -2.2324128   0.10416512],0.5627879
[ 0.68043065  1.0535059  -3.3435698 ],0.73351294
[-2.392625  -3.5549624  5.504879 ],0.0021831775
[ 2.640474  -1.2677505 -1.8808029],0.09473372
[-0.02363061  1.3488946  -2.406211  ],0.47418186
[-0.0602222 -2.6579862  2.0862286],0.27957916
[ 1.1955978 -1.3462324 -0.8080617],0.40794134
[-0.257608  -0.4733955 -0.403402 ],0.972927
[-0.9395333  -0.91255593  0.8842468 ],0.5177096
[ 0.33938393  0.57159245 -2.2687528 ],0.81046164
[-2.3110611  3.3766851 -2.211751 ],0.026513364
[-1.7192557 -1.8752111  2.7385352],0.069030404
[ 1.125916  -1.1681658 -1.8303823],0.326711
[-1.3504478  2.0218735 -2.091297 ],0.14198922
[-1.0238485  -0.90628064  0.49386966],0.627561
[ 1.3540243 -2.8441315 -0.9918028],0.25854248
[-0.35945395  1.1032333  -3.4409392 ],0.4312013
[-0.74725705 -2.8368647   1.2575079 ],0.32196742
[ 1.5501317 -0.5612161 -2.024413 ],0.32162946
[-0.63975513  1.771735   -2.253275  ],0.25379446
[-1.925157  -2.0523236  3.6657577],0.026172055
[ 1.497407  -1.3345671 -2.3154194],0.20564704
[-0.58999014  1.3850975  -2.8957336 ],0.3224874
[-2.0415363 -4.09389    4.4458113],0.00736561
[ 0.3636284 -3.1339061  0.2334637],0.81472224
[-1.268978   2.3620758 -2.9912395],0.095371135
[ 0.6930298 -5.1074867  2.267169 ],0.38227764
[ 1.0874064 -1.2092261 -0.5196667],0.5060252
[ 0.5506583  0.3157597 -1.3726884],0.85662097
[-1.0827656 -3.4544847  3.930542 ],0.027068058
[-0.07374036  0.687719   -1.7769127 ],0.6941408
[ 1.6736829  -0.55614173 -2.4837892 ],0.27898777
[-3.2182932 -1.21793    3.022376 ],0.055052757
[ 0.11962882  0.91092646 -1.1687658 ],0.7129138
[-0.20201564  1.3802501  -0.9344872 ],0.5095899
[-2.0378788 -0.7937851  3.5090616],0.058545083
[ 1.9331288  -3.0513246  -0.61137253],0.21067248
[-2.057354    0.39150786 -0.10922929],0.76170564
[ 0.36497492 -1.78628    -0.88274336],0.5976918
[ 2.1920242 -2.4295402 -1.0927356],0.13448873
[-1.3545991  2.2471397 -2.0198267],0.12022386
[-1.1561841  -0.58689165  0.6295124 ],0.6383119
[ 0.93129826  0.10643625 -2.8776515 ],0.6190831
[-0.87079304  1.7636994  -2.2216403 ],0.22335993
[-1.4086292  -1.0037345   0.77463794],0.48268127
[ 3.2977874 -1.9216028 -2.3884573],0.03221113
[-0.83491486  0.9811635  -1.5909379 ],0.44026697
[-1.1609125 -4.3142657  6.3950977],0.0024054863
[ 1.4702873   0.24049583 -1.6178259 ],0.5382301
[-0.9329937  2.403149  -2.302229 ],0.12829119
[-1.5530943 -3.3463311  5.0017915],0.0071509434
[ 0.72961897 -0.7165699  -1.1828448 ],0.5762894
[-0.5123178   0.69967365 -1.4013162 ],0.6102655
[-1.6687268   0.15534681  0.35059977],0.8597548
[ 1.4148732  -0.27026385 -3.075046  ],0.3792541
[ 0.67561126  0.01351014 -2.5018065 ],0.684748
[ 0.4989342 -0.6586888 -1.471138 ],0.63433087
[ 2.9105408 -2.080531  -2.0187962],0.047795307
[ 0.1737575  -0.38763943 -0.7671859 ],0.8566016
[-3.7294104 -1.7560378  5.893841 ],0.0024193865
[-0.6761334  -0.8443645  -0.94837475],0.9675964
[-1.5695156  1.2196989 -1.8821306],0.24966152
[-0.70011526 -0.83978236 -0.24397562],0.9006655
[ 1.9144596   0.06494431 -3.2805398 ],0.33136985
[-0.6367262  1.7415645 -2.2751098],0.2592156
[-2.3788054 -3.0556421  5.207736 ],0.0034203506
[ 0.34000444  1.0637735  -3.9525266 ],0.6265638
[-1.4135678  0.6186913 -1.2286638],0.48549262
[-2.1451662 -1.4486084  2.1446106],0.12007961
[ 0.58506495 -1.1011931  -0.6919151 ],0.6350751
[-2.957121   3.6996872 -1.809533 ],0.020788502
[-2.26284     0.53322566  0.89129525],0.766796
[ 1.2571543 -0.8858781 -1.444091 ],0.3705799
[-2.0401545  2.0136611 -0.8573814],0.19185378
[-1.1843363  -0.28421238  0.63132924],0.70425594
[ 0.29412434  0.09841099 -0.44852412],0.9420701
[-1.0840564   0.15061465  0.664736  ],0.8041933
[-0.3422379 -4.006223   3.877309 ],0.050382096
[-1.3486177  1.2461137 -2.3335068],0.24582799
[-0.47408384  1.2081329  -3.2851462 ],0.37984896
[-4.0520344   1.9005824  -0.37688923],0.241855
[ 1.7650406 -2.6783047 -0.5299581],0.26020867
[-1.5236254  1.0032202 -1.1651468],0.38139325
[-2.6738105 -1.9261187  4.0734477],0.014779006
[ 2.2624211  -2.8345473  -0.23633637],0.21558869
[ 0.32556558 -0.6368096  -0.6213682 ],0.7760409
[-1.9570241 -3.105532   4.853883 ],0.0063278503
[ 3.1402767 -3.0938897 -1.6173743],0.037882373
[-0.04470798  0.36566573 -1.8315858 ],0.7987326
[-2.2314167 -0.9432688  2.5012362],0.11915152
[-0.5319053  -0.82983124  0.31236362],0.7808515
[ 0.34784502  1.1574899  -2.3473399 ],0.6324862
[ 0.11007227 -4.741781    4.395697  ],0.046563994
[ 1.6668649 -0.6210803 -2.5581052],0.26719233
[-1.2061636  1.3430165 -2.4342139],0.24309753
[-1.2819964 -1.2502924  1.710072 ],0.23916778
[ 1.7666551 -2.3328192 -1.2214434],0.17751804
[ 0.08712996 -0.2843037  -1.2701371 ],0.86528045
[-0.81504625 -3.0974617   2.8121266 ],0.08980017
[-1.0165219   0.5156331   0.25818437],0.8773574
[-2.930178   3.751237  -1.3627658],0.027295068
[-1.5204473 -0.7773268  2.2148826],0.19155318
[ 1.8016098  -0.80937505 -2.8848069 ],0.20688497
[-1.7722534  2.67085   -2.3197503],0.06151788
[-3.2541566 -1.826701   4.955559 ],0.006136213
[ 2.3041694 -3.5180795  0.3129249],0.29587883
[-0.915336   0.8833355 -0.6726685],0.5658188
[-1.0785168 -3.1596394  4.6195345],0.015122768
[ 1.2340881  -0.65939224 -2.0894473 ],0.37508875
[-0.24669752  0.5584371  -1.8963832 ],0.6835595
[-1.6793905 -1.1131928  1.9007571],0.1968031
[ 2.463728  -1.7826447 -1.8654305],0.08465252
[ 1.0288173   0.23445638 -2.7662706 ],0.62796843
[-0.16694377 -1.6293429   1.7525644 ],0.36695534
[ 1.9316936  -3.272306    0.26748702],0.3726057
[-1.738037    0.8134068   0.55162567],0.8158264
[ 0.03333664 -5.5129037   5.195843  ],0.021531194
[ 2.8627594 -2.7093227 -1.7880684],0.046556585
[ 0.19780278  2.6650212  -4.326435  ],0.2062279
[ 0.10965251 -5.1729803   4.3837905 ],0.046849124
[ 2.0641956 -1.9141362 -0.5891285],0.2211327
[-0.51348954 -0.91496956  1.425126  ],0.43788216
[-1.63466   -1.5440606  1.9443691],0.15646373
[ 1.7685997 -1.7040796 -0.2544402],0.34260362
[-2.0458105  0.7622663  1.08778  ],0.77595484
[-2.1094823 -3.9712367  6.2316723],0.0011762711
[ 1.1489342 -1.7417583 -0.663289 ],0.41720542
[-2.9675646  2.2162888 -0.2715094],0.21597302
[-2.8942525 -0.5104041  2.1093817],0.19980444
[ 0.4133786  -0.91622186 -0.86136526],0.67318946
[-0.69663125  0.59236324 -0.6669166 ],0.68065375
[-1.52035   -1.43474    3.7860096],0.036794282
[ 0.8930306  -2.4008222  -0.23057254],0.5558499
[-0.6065547  0.8914144 -2.4498284],0.46024212
[-3.0924656 -3.1924505  5.769485 ],0.0011392108
[ 2.321778  -2.1676042 -1.8339279],0.08378527
[-0.46830237 -0.16585723 -0.8190527 ],0.92688704
[-2.3113885 -2.381091   5.203132 ],0.004611778
[ 1.4061522 -2.5114403  0.4162995],0.5703887
[-2.1746876   1.5539982   0.03634285],0.43962023
[ 0.1955159 -1.8395864  1.3137673],0.5635963
[ 1.0439415 -0.581167  -1.9456661],0.4501672
[-0.3894558  1.401339  -2.1478066],0.38534603
[ 0.4017917 -2.9691956  2.252377 ],0.33081496
[ 2.2522023 -1.8373697 -2.0827618],0.09114251
[ 0.21773809  1.224568   -3.828201  ],0.54530275
[-2.3908007 -2.002466   3.6311297],0.022931412
[ 1.8799103 -3.298662   1.4065375],0.69678974
[-2.2321823  2.4841583 -0.9350945],0.12143551
[-1.4383513  -0.12322757  0.43253207],0.7854321
[ 1.7315257   0.07349294 -2.8223765 ],0.38415647
[-0.3974252  2.217838  -2.989711 ],0.19737254
[ 0.6927661 -0.2911264 -1.6676059],0.6446895
[-0.27200913  1.1396891  -2.5638819 ],0.46622428
[-1.4181255  -0.14392027  0.09949797],0.8813622
[-2.979439  -1.2979417  4.3438797],0.01675456
[ 3.0484593 -1.18913   -4.3118067],0.050635356
[-1.1613904  2.5035663 -2.6517446],0.09598548
[-1.2610908 -1.9033078  1.732689 ],0.1960678
[ 1.4759947  -2.7706296   0.01413689],0.43781137
[-2.1273742  1.2315687  0.4263683],0.6388289
[-0.8540726  -0.96981955  1.0989527 ],0.4629736
[ 1.1794627 -0.5431049 -2.1236625],0.41147757
[-0.03719386  0.6561581  -2.0393813 ],0.69855475
[-1.4163847 -2.506145   2.4465868],0.08764185
[ 2.3079333 -1.3538867 -1.8904   ],0.118549846
[ 1.1541623   0.37495342 -3.755868  ],0.6117921
[ 0.5669865 -6.189026   5.2941613],0.03145715
[ 0.73096454 -0.359307   -1.2494813 ],0.6490233
[-1.2146175   1.1116574  -0.41031915],0.5213949
[-0.14588498 -2.6819134   3.5956094 ],0.07991782
[ 1.9481866 -2.0519276 -2.4987915],0.092084005
[-1.3477389   0.3978466  -0.70075315],0.6684171
[-0.29190117 -2.002323    0.12317323],0.8019932
[-0.3495698 -1.0377091 -1.377114 ],0.82352597
[-1.7849331  0.7042532 -1.3019749],0.41212407
[-1.7229636 -2.1040041  1.528783 ],0.17211246
[-0.23820674  0.8174671  -2.489364  ],0.57320344
[-1.5878625  1.4865674 -1.8447429],0.20477591
[-2.4807768 -1.4293286  2.5880315],0.0776238
[ 1.9799296   0.11384159 -3.619569  ],0.32355732
[ 0.70253235  2.432102   -4.531879  ],0.3465212
[-2.578003 -2.962155  5.471483],0.0023924361
[ 1.4937842 -1.1647115 -1.5410537],0.2700384
[-0.8195382  2.029347  -2.3956203],0.18300147
[-0.37871298 -2.0264626   2.1914523 ],0.22439137
[ 1.2831491 -0.5692868 -2.539196 ],0.36157253
[-0.4382395   0.09510856 -1.6161118 ],0.80252135
[-0.79119045 -2.4511611   1.6859932 ],0.24022017
[ 2.2789981 -4.258301   1.5873824],0.6268627
[ 0.3865093  1.5821437 -3.107809 ],0.49802878
[ 0.22931188 -2.7568474   2.1180356 ],0.32764113
[ 1.4930589   0.39934945 -3.2948873 ],0.5244038
[ 0.4722118  2.738927  -4.7618785],0.23762387
[-1.1366179  -1.0376874   0.38917238],0.62136686
[ 1.7316313 -1.1318791 -2.3329945],0.1923292
[-1.2033093  2.0215087 -1.9810393],0.1583057
[-1.6761358 -2.474462   3.7684603],0.023956927
[ 1.241277  -4.671952   2.9127827],0.35864642
[-0.5698443   0.07785693 -0.6107487 ],0.8575724
[-0.9940062  -0.13156356  0.37900403],0.83377266
[ 0.9698758 -0.5573888 -2.0330222],0.471283
[ 0.39354947  1.297198   -3.3291466 ],0.58003795
[-1.4809157 -1.4258785  2.856068 ],0.08301429
[ 0.6238812  -1.141037   -0.11163063],0.7509086
[-1.1762341  1.9546424 -1.7599621],0.17892055
[ 0.2026411 -4.918398   4.4818883],0.04670209
[ 0.06466136 -0.40882537 -1.433247  ],0.83234906
[-2.196409   2.7321353 -1.8184098],0.05915105
[-2.7239153  -0.17250551  2.103229  ],0.2553618
[ 3.1539817 -2.2949798 -1.380623 ],0.051552866
[-0.6705168   1.0445487  -0.39613473],0.5979309
[-0.75374746  0.50052005 -0.39382997],0.75994486
[-0.50914484  0.19721419 -1.0954263 ],0.7972913
[-3.589926    3.4241319  -0.41711694],0.07077438
[-2.1486065   0.74069643  0.12202705],0.7086674
[ 0.308219  -0.5988904  1.2196561],0.704972
[-0.44877484  0.9991256   0.17278327],0.757148
[-1.4295757 -1.3291796  3.183914 ],0.067214996
[ 1.6722654  -0.31421888 -3.2937536 ],0.3062697
[ 0.9772036   0.35515597 -3.852336  ],0.657825
[-0.8064476 -3.8779387  4.293435 ],0.023930427
[ 0.55308366 -1.8072411   0.75715005],0.82912636
[-2.4781005  1.6917641 -0.8756225],0.22625563
[-0.12883477 -1.3492163   0.32484776],0.8236516
[ 1.1559834  1.7794216 -3.3188725],0.6546213
[ 0.0766321  2.362644  -2.8561552],0.24759203
[-1.1567024 -3.3183503  4.7605963],0.012292061
[ 1.4188234  -0.62212193 -2.3196182 ],0.32754797
[-0.2600698  1.4074341 -3.0539677],0.38389096
[-3.0488932 -1.4589105  4.226682 ],0.016337786
[ 0.37732387 -0.3842543  -1.3292432 ],0.7495779
[-0.2537469  -0.02453701 -0.6789281 ],0.94066656
[-2.7723618 -2.7365568  4.6835656],0.0051212017
[ 1.0617934  -0.31454125 -2.9689698 ],0.46476665
[-1.022517   2.0110712 -2.7483695],0.15498957
[-2.8385475 -2.5497673  4.26025  ],0.008185421
[ 0.60567415 -0.6036564  -0.66828054],0.6922718
[-1.8860153   1.2748729  -0.74069947],0.36075407
[ 0.21176127 -0.5411228  -0.5870456 ],0.8287047
[-0.4819876  -0.80324924 -0.10198771],0.9091855
[ 0.7986634  -0.52467763 -1.4103448 ],0.57544553
[-1.8812878   0.02800767  1.7860497 ],0.38740242
[ 3.0872025  -3.5883381   0.40256006],0.17634247
[-0.46549436  0.82558393  0.24116415],0.8240975
[-2.5704997 -1.187022   3.9746454],0.027007682
[ 3.2514374 -1.3089917 -1.8117251],0.05640093
[ 0.08021596  2.164301   -2.3966863 ],0.2947997
[-1.415254    0.10392115  1.2067293 ],0.5971806
[ 2.9666708 -1.7838687 -2.144672 ],0.050112385
[-0.6364333   0.44849917 -1.3191459 ],0.66944003
[-0.74184173 -0.45558035  0.0572523 ],0.87668514
[ 1.8702412 -1.1759638 -1.829126 ],0.18776082
[-1.1265111  -0.08015589 -0.10171064],0.9564719
[-1.2631624 -1.58529    2.9088712],0.08295779
[ 0.31535435 -1.6780641  -0.41740382],0.73369503
[-1.5360069  2.916634  -3.396566 ],0.046642877
[-2.3375614 -3.033634   3.8905966],0.012191448
[ 1.643568   -2.6979346   0.22677265],0.4468546
[-0.26996103 -0.24650863 -0.45734248],0.99412227
[-1.6786287  -0.23015094  1.3318853 ],0.4629442
[-0.2517042 -0.0990874 -0.6114038],0.9617379
[-0.78384215  0.91919863 -0.64035755],0.5756135
[-2.4840775 -1.5333699  3.89991  ],0.023273282
[ 0.86870974 -0.49928716 -1.4477574 ],0.5562532
[-0.8700649  1.150455  -1.3471223],0.408871
[-2.517085  -4.510883   6.4496746],0.0005257363
[ 1.7192634  -2.2652829  -0.39011157],0.3058213
[-0.5773679   0.59908664 -1.5751038 ],0.6123338
[-0.88589114 -0.25534898 -0.03210839],0.9302243
[ 3.286249  -3.6257532 -1.345709 ],0.038125437
[ 1.8946974   0.25590587 -4.0959773 ],0.37171757
[-3.0945728 -1.8615263  5.0322995],0.005744008
[ 1.21251    -0.37550032 -2.3190482 ],0.43082055
[-1.8723695  3.8499284 -3.164451 ],0.016670076
[-2.9676871 -0.690487   3.6498168],0.04909191
[ 0.43745127 -0.14051679 -2.0516694 ],0.7397926
[-1.6953454  1.801926  -2.1247032],0.13966703
[-2.2591083   0.05685843  1.3179095 ],0.50880384
[ 2.6316142 -2.3311658 -1.6989946],0.06606966
[ 0.03672044 -1.4200459  -0.5128397 ],0.81852126
[ 0.63411   -5.5373983  3.8860047],0.10985971
[ 2.0366924 -3.274652  -1.0474278],0.1407132
[-0.23252131  0.6880131  -1.8245322 ],0.6503769
[ 0.2168754  -2.5600827   0.32730344],0.83813936
[ 1.5197262 -1.8307891 -1.4469959],0.21429306
[-0.571025    0.89101326 -2.2714112 ],0.4775749
[ 0.9682975 -2.7168217  0.4167297],0.6985012
[ 1.282559  -0.9478195 -0.7032071],0.4403828
[ 0.3723501 -1.1602054  1.2670578],0.6625171
[-3.043615   1.249632   2.1275902],0.5806905
[ 1.15326     0.46894684 -2.2019892 ],0.6720836
[-2.1782284  2.7213469 -1.4220843],0.07487129
[-2.3425612 -1.6780527  2.8717322],0.054297723
[ 1.5125787   0.91529644 -3.78379   ],0.6604351
[ 0.64691377  1.949796   -3.8772736 ],0.45729482
[-1.8882322 -1.6774263  3.2298665],0.046095494
[ 2.1145468  -3.7470727  -0.12216644],0.24956788
[-0.9443977  1.9487059 -2.1160116],0.18898906
[-2.4779494 -1.9872175  3.3989336],0.027604591
[ 2.3262768   0.18734062 -3.8636928 ],0.2650004
[-0.5865101  3.369856  -3.0754104],0.06692384
[-1.4554359 -2.587775   3.6192694],0.030651394
[ 0.895618   -2.3538725  -0.21057718],0.56234694
[-3.1711874  2.9221506 -1.1519846],0.06331043
[-0.8065016 -1.9273063  1.2531208],0.3515395
[ 0.7369808  0.0143949 -1.8014547],0.69971335
[-1.193237   3.1875002 -2.751474 ],0.05181295
[-1.0809107 -4.681985   5.9198117],0.0040874686
[ 1.5541934  -1.5011711  -0.06248334],0.44810233
[-0.34099457  1.9642338  -1.8440939 ],0.27855012
[ 1.0467976 -4.831344   3.4070652],0.22088484
[ 1.4932272 -1.5555594 -1.0028615],0.29044104
[-1.7243361  1.5269598 -1.1033504],0.25921756
[-0.02334877 -2.0725358   1.6216497 ],0.4113149
[ 0.33982584 -0.2785474  -2.1315029 ],0.73046505
[ 0.33332312  1.0661321  -3.0590205 ],0.63739955
[-2.984688  -2.2491422  3.8692057],0.013317953
[ 1.3620698  -0.60284996 -0.07820611],0.5723095
[-0.2086107  1.5017828 -1.1468202],0.4553937
[-0.24886036 -0.6487515   0.97531074],0.6527021
[ 1.5618395  -3.7083983   0.57490563],0.54869795
[-1.3043785  0.5490196 -0.9016552],0.5813643
[-3.2426016 -1.6794729  5.1517262],0.0057190284
[ 0.6925368  1.4971532 -3.026284 ],0.60977304
[ 0.00680726  2.9784338  -4.394433  ],0.13965213
[-1.9829988 -1.1024867  2.5210915],0.11195477
[ 3.460119  -2.41954   -3.0609624],0.016980637
[-0.30910015  1.7885084  -4.174596  ],0.2741552
[ 2.005005  -5.016632   0.8148649],0.4829868
[ 0.13125305 -0.87289965 -1.9543078 ],0.660617
[-2.1032696  1.6802894 -2.3490381],0.11724754
[-0.335074  -2.42331    0.6871371],0.59077287
[ 0.5952073 -1.2456881 -1.8625563],0.44517717
[-0.4548403  -0.07933678 -0.43056035],0.9311012
[-1.0044069 -1.5395389  1.3586234],0.320454
[ 3.1906688 -6.1263366  1.5715145],0.3696671
[-0.57273626  0.8074019  -1.6673654 ],0.5408517
[-3.018998  -2.2446108  4.6417437],0.0064905677
[-1.2217096  2.4703767 -2.598977 ],0.09564077
[-0.64614284  1.8003956  -2.3770506 ],0.2435279
[-3.837097  -1.0624502  4.1907454],0.02123648
[ 1.5105273  -0.96084344 -1.4854364 ],0.29761335
[ 0.2167337  0.7087805 -1.9085091],0.7549355
[-0.98600626 -1.221254    1.8565621 ],0.24533647
[ 0.72758853  0.3245559  -3.0711908 ],0.73638594
[ 0.21384886  1.8321902  -3.5211048 ],0.38171682
[-1.2683771   0.23009005  0.22097585],0.9306172
[ 3.3370059 -4.1172385 -0.1471692],0.092883535
[ 0.73162967 -0.7925699  -0.4834489 ],0.6648712
[-1.8409432 -1.0604047  2.3757179],0.1335715
[ 2.7224054 -0.9156258 -3.325249 ],0.08801085
[-2.4950533   1.4469548   0.53793526],0.5921345
[-2.6189466 -1.7053481  4.7393184],0.00941665
[ 3.815587  -2.7853327 -3.2956717],0.009182364
[-1.2797779   0.68473923 -2.2797546 ],0.3826751
[ 1.5058103  -2.8803704   0.40337384],0.52871776
[ 1.2389718 -0.6572914 -1.8275422],0.3891613
[-0.3167233  0.6869366 -1.6546756],0.64112073
[-0.29518712 -1.5870076   1.0173668 ],0.5471262
[-0.44809216  0.5560821  -1.8626419 ],0.635527
[-1.790404   2.3897426 -1.8630815],0.08978159
[-2.267221  -1.6271626  3.4277718],0.035292424
[ 0.77512676 -1.2709429  -0.31447303],0.64354086
[-1.7365289   0.28503886  0.55090487],0.82827616
[-1.5845977 -2.1745148  2.9622476],0.055601988
[ 0.94043195 -2.3292613   0.50450563],0.7423323
[-2.3053849   2.0212312  -0.77475405],0.19194758
[-1.3878396  -0.29828826 -0.11444026],0.9104311
[ 2.8486576 -1.8687011 -2.00168  ],0.05581949
[-1.736361   1.3032562 -0.1721039],0.48113856
[-0.10192282 -1.619662    0.58077466],0.7312296
[ 2.4145083 -1.6447972 -1.8016206],0.096323386
[-1.3126464  3.3067207 -2.2152596],0.048056677
[-1.6842518  0.2258296  1.0044373],0.6765835
[-0.1324465   0.21277635 -2.3356624 ],0.79547834
[-0.85988057  1.0648903  -2.5024343 ],0.3571574
[-2.4766808 -1.4201865  1.638443 ],0.16979054
[ 2.210439   -4.0736594   0.41761816],0.3348425
[-1.5191488  -0.4672985   0.85237175],0.56285834
[-1.7362701 -2.094188   2.0269578],0.11503782
[-0.08426389  0.37163204 -2.304021  ],0.76130706
[-0.7416686  1.8745524 -2.7651381],0.20716847
[-1.4475919 -3.0729556  3.7691185],0.024697544
[ 2.183042  -1.098262  -3.2976537],0.12031615
[-1.1226286  2.0056903 -3.6637414],0.13229509
[-2.7502105  -0.84808266  2.8611095 ],0.08730909
[ 1.7281053 -2.7779152 -1.2216266],0.1695979
[-2.0055568  1.797903  -1.8662059],0.13379426
[-1.1180923 -1.7104357  1.9327329],0.18999079
[ 1.638477    0.01775989 -3.2260146 ],0.38739207
[-1.8733042  1.7616482 -1.4732409],0.17344552
[-3.162953 -4.164628  7.129124],0.0
[ 0.8813961 -0.5952928 -2.1582634],0.48082626
[-0.4837437  1.3072532 -2.718784 ],0.3677209
[-3.2299247 -1.3895816  3.198938 ],0.041572496
[ 2.7569277  -2.7549133  -0.10242473],0.1626068
[-0.327817   0.837883  -1.1454997],0.6312842
[-1.0017749  -0.38827494  2.1782153 ],0.27208602
[ 1.3698069   0.04233313 -2.4508243 ],0.48341075
[ 0.07273985  1.2171798  -2.025786  ],0.5526583
[ 1.138077  -1.3313819 -0.0811127],0.57910645
[ 0.88714546 -1.4559579  -0.955078  ],0.4552819
[-0.25925857  2.1787872  -3.4935305 ],0.21799663
[-1.8697516 -4.8018723  5.3676257],0.0033447547
[ 4.7305417e-01 -1.7903969e-03 -2.4076996e+00],0.7469707
[-0.27426723  1.9864483  -3.8550029 ],0.24555565
[-1.9409652 -1.951255   2.828523 ],0.055917703
[ 2.2219849 -3.1365206 -0.5677233],0.17273149
[-1.6897221  1.3237078 -1.3539568],0.26920652
[-2.7375228 -1.4667531  3.4654555],0.033763267
[ 1.0570792   0.41458067 -3.149538  ],0.66132176
[-0.04267589  2.1854038  -3.4627783 ],0.25285834
[-1.45966     0.6611066  -0.19039911],0.69503605
[ 2.1805663 -0.9078032 -2.0215762],0.16397464
[-0.19976705  1.2314177  -1.4420109 ],0.5145409
[-1.4957756 -4.666169   5.5720434],0.0038963852
[-0.2148336  -1.2285489  -0.22340311],0.9608319
[-0.75746214  0.3050113  -1.1677761 ],0.7027303
[-0.8238414  -0.00815476  0.01275063],0.96894646
[ 3.3660617 -4.1408763 -0.7827883],0.054086708
[ 1.3769398 -1.0800301 -1.5814524],0.30236012
[-3.046026  -4.1131787  7.038931 ],5.4577107e-05
[ 2.115016  -0.8712528 -1.414462 ],0.2022403
[-1.1574333   1.2498949  -0.78035074],0.41544193
[ 1.3404382 -3.8707016  3.8464468],0.19876829
[ 3.1237473 -1.5292121 -1.6317197],0.059640046
[-0.63235074  2.0518577  -2.9361756 ],0.19143221
[-1.8473974 -2.5038564  3.7764707],0.021254215
[ 0.94057596 -0.01366092 -2.7179954 ],0.58771294
[ 0.21285988  1.5429957  -4.014889  ],0.45205194
[-1.908495  -3.3252478  3.68383  ],0.018297534
[-0.22676416  0.7758999  -2.3366115 ],0.59584
[-0.759894   1.6470158 -2.9333699],0.23901147
[-1.2199557 -2.4461854  2.2195406],0.121016614
[ 2.2746792 -1.4384743 -2.2119687],0.106730804
[ 0.31811917  0.6776298  -2.7322223 ],0.75820565
[-0.27325776 -2.5176303   1.7058213 ],0.32324344
[ 1.6008731 -0.9175329 -1.9806515],0.25622874
[-1.8967576  1.4494328 -0.8982598],0.2936796
[-3.4384267 -1.8201505  5.0194883],0.005621551
[ 1.2898351  -3.1565876  -0.03959608],0.46695864
[-0.22919486 -0.85637856 -0.794673  ],0.8776505
[-3.2424252 -1.8678291  4.5389466],0.008793883
[ 0.0729508 -1.1996478 -0.7442386],0.77489984
[-0.9768156  1.2426924 -2.216849 ],0.30835837
[-0.12057768 -0.65944135 -1.0763892 ],0.8601152
[ 1.6481899 -1.2548567 -1.6966703],0.22133811
[ 0.27439627  0.07598037 -1.9229542 ],0.8489311
[-2.7792609 -2.7127335  4.7197304],0.004994143
[-1.034437    0.11898795  0.903588  ],0.72538453
[-2.2905097  -0.14539617  0.9351417 ],0.57013905
[-3.5510082 -1.1605383  4.0172553],0.023364412
[ 1.6678772 -1.2467736 -2.3445659],0.18847875
[ 0.6017157 -0.3681788 -2.368148 ],0.6114048
[-2.3013487 -1.4918294  3.2799354],0.043115895
[ 0.5760141 -1.2088577 -1.6667618],0.47563684
[-0.67374825  0.01279996 -1.8164539 ],0.757403
[-1.1638873 -2.7091167  2.168746 ],0.12504634
[ 1.3702495 -0.892524  -0.5054882],0.4567178
[-0.56248677  0.5729953  -0.9289035 ],0.68408704
[-1.38698   -4.0443354  5.103024 ],0.0069489884
[ 2.1291816 -1.113588  -2.433679 ],0.13952506
[-0.20539933 -0.00521415 -0.9913151 ],0.9263121
[ 0.28567612 -3.9054825   3.116784  ],0.156645
[ 1.9742132 -1.2790217 -2.9442182],0.13103959
[-1.1531063  2.5506272 -2.6777797],0.09243288
[ 1.3336542 -4.947884   2.334597 ],0.53557664
[ 2.984708  -0.5196141 -4.469245 ],0.09139247
[ 0.75486094  1.9643697  -4.4388404 ],0.4795416
[-0.78127027 -3.3526177   3.3316164 ],0.05821823
[ 0.21343626 -0.02564394 -2.136354  ],0.8313062
[-2.1354544  0.6894964 -0.5362947],0.5538455
[ 0.8888877 -0.2691521 -1.6352566],0.5900575
[ 1.6484494 -0.5211247 -3.043021 ],0.27641687
[-2.9961398   1.6601033  -0.06093762],0.36782676
[-1.7332643 -4.6373878  5.6947107],0.0027742698
[ 1.8680738 -0.8254471 -1.3317146],0.2544964
[-0.43899393 -1.1916127   1.4344087 ],0.42483944
[-2.8987417 -1.796048   4.8062415],0.0077703237
[ 2.328403  -1.2061284 -1.6919662],0.13335049
[-0.4814845  2.4718814 -2.7195852],0.1560077
[-2.5708654 -2.9785535  5.1752844],0.0032111534
[ 1.5273011 -2.5193348 -0.926378 ],0.24667855
[-1.861443   2.1113012 -1.8127527],0.111843675
[-1.0786849 -3.463126   2.7970219],0.07226108
[ 1.4199247 -1.3141187 -1.7184471],0.25362402
[-0.564298    0.83783185 -1.8450413 ],0.5206083
[-1.3332243 -0.5793412  1.211561 ],0.44744328
[ 2.543275   -0.34896395 -3.4868221 ],0.15419382
[ 0.8701386  2.2429254 -4.041904 ],0.4363938
[-4.309197  -2.6536353  6.503647 ],0.000427471
[ 1.3926022  -0.28977507 -2.7200663 ],0.38910654
[-1.6887653  2.468435  -2.5814779],0.071524456
[-3.2544122 -2.5381515  5.332385 ],0.0025465076
[ 2.4648247 -2.6334121 -3.2771158],0.03394411
[ 0.11150534 -0.9229883  -2.5665133 ],0.61091566
[-0.58911157 -0.52233255  0.59814787],0.71923244
[ 0.08419625 -0.13131584 -0.6620053 ],0.9381292
[-0.51729393  1.3052907  -1.2241435 ],0.44254205
[-0.49070862 -2.184374    2.3135655 ],0.18639436
[ 2.4067793 -1.9030539 -1.3267552],0.11055592
[-0.63133854  1.8107058  -2.2493327 ],0.24796988
[-0.41810533 -2.350526    1.6629051 ],0.31007755
[ 2.2992265 -3.560728   0.5693912],0.35147256
[ 0.7226436   0.31100315 -1.1459605 ],0.81959367
[-2.2070367 -4.231314   5.8318634],0.0016021676
[ 0.4135028  -0.88050866 -1.1979585 ],0.63919514
[-1.0157638  0.8208724 -1.6904778],0.4413636
[-3.4996052 -1.5832218  3.5646229],0.025210306
[ 1.5636122  1.1295568 -4.66779  ],0.7021672
[ 2.535249e-03  9.449365e-01 -2.622001e+00],0.59394455
[-0.02309158 -3.716113    2.9129584 ],0.14590916
[ 1.4469023 -1.6823182  0.169401 ],0.52416337
[ 1.7754558  -0.97766995 -1.5283113 ],0.24079311
[ 0.24453247 -2.7629902   2.6961818 ],0.21804187
[ 0.82338685 -0.6908549  -1.8837782 ],0.4933057
[-0.5227906   0.76104534 -2.5333512 ],0.51465166
[ 0.6411328 -4.4808702  2.500396 ],0.31773984
[ 1.3156779 -0.6790807 -2.1735048],0.34715384
[-0.31032372  1.1980435  -2.528548  ],0.4419115
[-0.61134636 -2.3925889   2.08113   ],0.2009233
[ 0.08896147 -0.7370281  -1.159659  ],0.77515453
[-0.71639955  2.3584418  -3.2083085 ],0.13861562
[-0.7455385 -5.471904   5.703945 ],0.0067365617
[ 4.170163  -2.0671463 -3.0816853],0.011105226
[-2.0991974  3.2460265 -2.453192 ],0.029935336
[-0.9863151 -3.8711243  3.7564487],0.033093084
[ 3.004676    0.15687725 -3.209262  ],0.15817015
[-0.8379727  2.7276611 -2.00038  ],0.11049483
[-1.0969243 -2.5112474  3.7093685],0.036700945
[ 2.1766207 -2.492601  -2.7241025],0.05614809
[ 0.97705656  0.665568   -4.572204  ],0.73955405
[-3.6530936   0.61196125  1.1133612 ],0.69290316
[ 2.5383644 -0.7879256 -2.9332106],0.11660386
[ 0.60037893  0.7842138  -2.0252051 ],0.8235147
[ 0.7248747 -4.2227316  1.8532917],0.50334835
[ 1.9313204  -3.4707687  -0.27746627],0.25873908
[-0.5167447  2.7489796 -3.8761566],0.113187656
[-1.3633624 -3.7430532  4.719863 ],0.010345272
[ 1.5675042 -1.2943944 -1.7828099],0.22551048
[-1.5510389   0.81719506 -1.1330162 ],0.43314558
[-3.5295694 -1.785476   4.6118293],0.008337116
[-0.26380357  0.733855   -2.7344115 ],0.582402
[-0.06219929  2.8074903  -4.664149  ],0.15095356
[-3.1163614 -2.1979806  4.7487836],0.005892495
[ 2.5827742  0.6285496 -4.397358 ],0.29780912
[-0.14533135  2.177198   -2.6665351 ],0.24725763
[-1.0382828 -1.4703512  1.5956911],0.27092087
[ 1.8371017 -0.1726277 -2.9029193],0.3054875
[ 0.44649175  0.7514447  -2.0821195 ],0.7926111
[-1.7636919 -1.4697044  3.3354015],0.04889802
[ 1.245727  -1.1661187 -2.5891328],0.26074848
[-0.39600888  1.1160079  -2.7248118 ],0.43710458
[-1.4724436 -1.2007985  0.9637465],0.39040047
[ 0.8830436  -1.8038667  -0.63944787],0.49289337
[-0.24723667  0.66997945 -2.5916412 ],0.6121572
[-0.33552825 -1.5738133   1.1822613 ],0.489121
[ 1.4479291   0.14314994 -2.3446949 ],0.49010482
[-1.7747444  2.204722  -1.2651409],0.13953698
[-1.2334754 -5.235007   6.8851714],0.0012858659
[ 0.9189545  -0.55033386 -2.5875208 ],0.4597747
[-2.7337422  2.415183  -2.033657 ],0.058625422
[-0.59299934 -0.35652322 -0.7201073 ],0.9525189
[ 1.501341  -1.17897   -1.5232981],0.2680695
[-2.4811642   1.3584832  -0.33292186],0.395613
[-0.8685401 -5.022787   5.355661 ],0.008374706
[ 0.23014152  0.6260524  -2.4304686 ],0.7604683
[-0.7977032   0.9585656  -0.78149647],0.5356816
[-2.3953574  -0.08266576  1.5077214 ],0.4165436
[ 1.2365026 -1.3173401 -1.3818883],0.31714064
[ 0.16231057  0.960006   -2.0157192 ],0.6568737
[-2.2388487   0.25447747  1.8554058 ],0.40833843
[-0.3890019 -0.2583203 -0.3806737],0.97853017
[-0.8321054  1.5314311 -2.408105 ],0.2642532
[-1.5133251 -2.0218718  3.0825872],0.054615263
[ 0.71694756 -0.39799824 -1.7911403 ],0.60178304
[-1.459281   0.6293441 -0.8470738],0.55268115
[-0.03833244 -3.9570282   3.1273673 ],0.12066109
[ 0.5090162 -0.6908426 -1.9720527],0.5829244
[ 1.508478   -0.38644204 -2.1848514 ],0.3578092
[-0.5129814  -0.45355225 -0.23675984],0.95885515
[ 2.4445431 -2.4759357 -1.5832826],0.07977414
[-0.21674412  0.1954405  -2.6381285 ],0.7652874
[ 0.21571669 -0.51488864 -0.5122831 ],0.8388033
[ 1.2668633  -2.529344   -0.08565885],0.47784668
[-1.763797   1.270451  -1.5106333],0.25539333
[-0.5199933 -6.0033245  6.3757286],0.0043907645
[ 2.2506766  -3.3206792  -0.15257414],0.22439821
[-1.0658547  0.6553527 -0.5839568],0.63965344
[-1.1787157 -3.2711117  4.0247917],0.02350913
[ 3.3185067  -0.15508185 -4.3953023 ],0.09317972
[ 0.43589088  1.8894254  -3.0153153 ],0.4274873
[-1.3687739 -3.3158734  4.576409 ],0.012281285
[ 0.28564495 -0.28379261 -2.0744705 ],0.7494821
[-0.1517267  -0.91419053 -0.41038564],0.9289566
[-2.034364  -2.2559402  3.3634243],0.029948957
[ 1.3274304 -2.2132778 -1.0889462],0.2730459
[-0.8774306  -0.11999281  0.76804054],0.72553384
[ 0.5166876 -2.5858963  1.0627521],0.7009982
[ 1.2612084 -0.0212656 -2.0348306],0.51492
[-1.288426   1.8362862 -1.2284617],0.21924433
[-1.5434712 -5.539615   6.326219 ],0.0016856912
[ 0.5523521 -1.4658693 -1.2620442],0.49297133
[ 0.12724194  0.28878814 -2.6982841 ],0.8222724
[-1.9070978 -1.9683387  3.0880184],0.045168445
[-0.76840806 -0.5048586   0.36896306],0.77506775
[-1.5228343   0.20025341  0.75518   ],0.7581393
[-1.9820266 -3.030953   5.306121 ],0.0041140253
[ 0.5258005  -1.1801054   0.08180854],0.82355344
[-0.20125757  1.507568   -1.3431885 ],0.44113764
[-1.4601266 -1.33429    1.6372689],0.23030154
[ 2.2033157  -3.8790205  -0.37844315],0.19351813
[-0.9610723  1.9484395 -2.7548125],0.16946708
[-1.7640108 -5.5532665  6.977381 ],0.00060871936
[ 4.484054   -4.1866612  -0.36072192],0.0291537
[ 1.0640633   0.49612084 -2.2098367 ],0.7066877
[ 1.5850376 -5.030823   3.167003 ],0.3792869
[ 1.3466506 -0.9754616 -1.4961125],0.3308248
[-1.099917   2.4140966 -1.5548668],0.13678043
[-1.8642439  -0.64435863  0.7106548 ],0.53921795
[ 1.6499556  -0.11552884 -2.8123777 ],0.36186832
[-2.0908947  2.5763667 -2.236683 ],0.057988375
[-1.3053772 -1.0125034  1.7542354],0.25522804
[ 2.4337168   0.75232244 -3.5775054 ],0.36161047
[-1.2658896  3.008817  -2.0147421],0.067123726
[-1.824777   -0.23775625  1.6821913 ],0.3608393
[ 2.9048483 -2.2471497 -1.2459193],0.07012308
[-1.1009161  1.0747173 -1.4090434],0.38416544
[-1.4764118 -4.6799135  6.3655653],0.0017856298
[ 1.3421667  1.4629265 -3.3512526],0.795936
[-0.46586043  1.9005879  -2.197536  ],0.25836426
[-2.091171  -2.6892722  4.3879285],0.009984613
[ 1.6789608 -0.8669652 -1.7359071],0.26095462
[-1.6278255   1.1652513   0.29867405],0.64780897
[-0.1051858 -2.1937687  0.9393638],0.583825
[ 1.4149461  -0.06155462 -3.3127844 ],0.42449078
[-1.4600531  1.6629715 -2.035685 ],0.18040095
[-1.994319  -5.363985   6.5747447],0.0007748414
[ 1.5767801 -1.839977  -1.145249 ],0.23800056
[-0.14780954  1.1001707  -2.118882  ],0.5271952
[ 0.31085214 -3.6528392   3.0765457 ],0.16567563
[ 0.7816916 -1.4296036 -0.6076953],0.5604116
[-1.1673853  2.0854425 -2.0781536],0.1501309
[ 0.7650105 -5.7825356  4.5332794],0.07160628
[ 2.356565   -0.33701053 -3.9776762 ],0.17675185
[ 1.4297167 -0.987023  -2.7400622],0.24828874
[-1.1911083 -3.6494248  4.015032 ],0.022654446
[ 2.743252  -1.3342086 -3.324374 ],0.06334087
[-1.0287576  2.1962817 -2.9307349],0.13001797
[ 0.3023318 -4.1257157  2.5130324],0.24983446
[ 1.5181359 -1.530196  -1.7766347],0.20954141
[-0.55511194  1.4970787  -2.5446925 ],0.31454822
[-1.4052784 -1.6150321  1.2831985],0.27658203
[ 1.7518837 -1.1523916 -0.6132216],0.31968755
[-1.6519197   1.9620073  -0.43864042],0.27192712
[-2.0407813 -4.3190136  6.3173175],0.0010887833
[ 2.146816  -2.647975  -1.2825512],0.11899558
[ 1.243455  2.123232 -4.644033],0.57152367
[-0.4650229 -5.254307   4.96823  ],0.017018158
[-0.03835343  0.3981785  -2.3190877 ],0.76428616
[-0.0550752   0.90016603 -2.6590068 ],0.5907016
[-0.5011046 -6.035165   6.203209 ],0.005267236
[ 1.3962393  -0.48048356 -3.6376777 ],0.32774088
[-1.725018   2.4764805 -2.9176357],0.06448698
[-3.6624582 -2.1163933  4.5312977],0.0068154125
